descricao,data,valor,categoria,pago_por,km_abastecimento,lts_combustivel,preco_combustivel,viagem_id,veiculo_id
Comissão Mot,2025-04-23,600.0,Comissão,Motorista,,,,['1cb6a2d5-8811-8018-ab3d-f5cf1b1cf233'],['809e3a03-91cb-4d44-a91d-360e71c9cc12']
Diaria 15 Dias,2025-04-23,1350.0,Diária,Motorista,,,,['1cb6a2d5-8811-8018-ab3d-f5cf1b1cf233'],['809e3a03-91cb-4d44-a91d-360e71c9cc12']
Comissão Izaias,2025-04-23,200.0,Diversos,Motorista,,,,['1cb6a2d5-8811-8018-ab3d-f5cf1b1cf233'],['809e3a03-91cb-4d44-a91d-360e71c9cc12']
Conserto Bau - Geral,2025-04-23,650.0,Manutenção,Motorista,,,,['1cb6a2d5-8811-8018-ab3d-f5cf1b1cf233'],['809e3a03-91cb-4d44-a91d-360e71c9cc12']
Caxinha Geral,2025-04-23,60.0,Gorjeta,Motorista,,,,['1cb6a2d5-8811-8018-ab3d-f5cf1b1cf233'],['809e3a03-91cb-4d44-a91d-360e71c9cc12']
Strada,2025-04-23,50.0,Diversos,Motorista,,,,['1cb6a2d5-8811-8018-ab3d-f5cf1b1cf233'],['809e3a03-91cb-4d44-a91d-360e71c9cc12']
Corrente - P.outo Carro,2025-04-23,144.0,Manutenção,Motorista,,,,['1cb6a2d5-8811-8018-ab3d-f5cf1b1cf233'],['809e3a03-91cb-4d44-a91d-360e71c9cc12']
Borracharia Strada -Vul,2025-04-23,280.0,Borracharia,Motorista,,,,['1cb6a2d5-8811-8018-ab3d-f5cf1b1cf233'],['809e3a03-91cb-4d44-a91d-360e71c9cc12']
Lavagem Bau - 1/2,2025-04-23,230.0,Lavagem,Motorista,,,,['1cb6a2d5-8811-8018-ab3d-f5cf1b1cf233'],['809e3a03-91cb-4d44-a91d-360e71c9cc12']
lampada Farol,2025-04-23,40.0,Manutenção,Motorista,,,,['1cb6a2d5-8811-8018-ab3d-f5cf1b1cf233'],['809e3a03-91cb-4d44-a91d-360e71c9cc12']
Posto São João ,2025-04-23,99.0,Arla,Empresa,,,,['1cb6a2d5-8811-8018-ab3d-f5cf1b1cf233'],['809e3a03-91cb-4d44-a91d-360e71c9cc12']
Posto São João ,2025-04-23,2096.03,Combustível,Empresa,,,,['1cb6a2d5-8811-8018-ab3d-f5cf1b1cf233'],['809e3a03-91cb-4d44-a91d-360e71c9cc12']
Posto Rede +,2025-04-09,167.8,Arla,Motorista,,,,['1cb6a2d5-8811-8018-ab3d-f5cf1b1cf233'],['809e3a03-91cb-4d44-a91d-360e71c9cc12']
Posto Reforço,2025-04-18,179.98,Arla,Motorista,,,,['1cb6a2d5-8811-8018-ab3d-f5cf1b1cf233'],['809e3a03-91cb-4d44-a91d-360e71c9cc12']
Posto Reforço,2025-04-18,2874.16,Combustível,Motorista,,,,['1cb6a2d5-8811-8018-ab3d-f5cf1b1cf233'],['809e3a03-91cb-4d44-a91d-360e71c9cc12']
Posto Grall,2025-04-16,88.42,Arla,Motorista,,,,['1cb6a2d5-8811-8018-ab3d-f5cf1b1cf233'],['809e3a03-91cb-4d44-a91d-360e71c9cc12']
Posto Grall,2025-04-16,2065.0,Combustível,Motorista,,,,['1cb6a2d5-8811-8018-ab3d-f5cf1b1cf233'],['809e3a03-91cb-4d44-a91d-360e71c9cc12']
Posto Grall,2025-04-11,155.44,Arla,Motorista,,,,['1cb6a2d5-8811-8018-ab3d-f5cf1b1cf233'],['809e3a03-91cb-4d44-a91d-360e71c9cc12']
Posto Grall,2025-04-11,3866.94,Combustível,Motorista,,,,['1cb6a2d5-8811-8018-ab3d-f5cf1b1cf233'],['809e3a03-91cb-4d44-a91d-360e71c9cc12']
Posto Andorinha,2025-04-09,90.0,Arla,Motorista,,,,['1cb6a2d5-8811-8018-ab3d-f5cf1b1cf233'],['809e3a03-91cb-4d44-a91d-360e71c9cc12']
Posto Andorinha,2025-04-09,1915.57,Combustível,Motorista,,,,['1cb6a2d5-8811-8018-ab3d-f5cf1b1cf233'],['809e3a03-91cb-4d44-a91d-360e71c9cc12']
Posto Ygor,2025-04-08,2211.51,Combustível,Motorista,,,,['1cb6a2d5-8811-8018-ab3d-f5cf1b1cf233'],['809e3a03-91cb-4d44-a91d-360e71c9cc12']
Comissão Mot,2025-04-08,400.0,Comissão,Motorista,,,,['1bc6a2d5-8811-8065-bf6c-c7f3131fcb1c'],['97ad4755-71fa-4312-8b59-e86abdbc9cf3']
Caxinha Madeira,2025-04-08,20.0,Gorjeta,Motorista,,,,['1bc6a2d5-8811-8065-bf6c-c7f3131fcb1c'],['97ad4755-71fa-4312-8b59-e86abdbc9cf3']
Ajudante,2025-04-08,35.0,Diversos,Motorista,,,,['1bc6a2d5-8811-8065-bf6c-c7f3131fcb1c'],['97ad4755-71fa-4312-8b59-e86abdbc9cf3']
Martelinho ouro,2025-04-08,100.0,Manutenção,Motorista,,,,['1bc6a2d5-8811-8065-bf6c-c7f3131fcb1c'],['97ad4755-71fa-4312-8b59-e86abdbc9cf3']
Lavagem Tiago,2025-04-08,300.0,Lavagem,Motorista,,,,['1bc6a2d5-8811-8065-bf6c-c7f3131fcb1c'],['97ad4755-71fa-4312-8b59-e86abdbc9cf3']
Lubrificação ,2025-04-08,50.0,Manutenção,Motorista,,,,['1bc6a2d5-8811-8065-bf6c-c7f3131fcb1c'],['97ad4755-71fa-4312-8b59-e86abdbc9cf3']
Avaria,2025-04-08,15.89,Diversos,Motorista,,,,['1bc6a2d5-8811-8065-bf6c-c7f3131fcb1c'],['97ad4755-71fa-4312-8b59-e86abdbc9cf3']
Taxa Passe,2025-04-08,23.7,Diversos,Motorista,,,,['1bc6a2d5-8811-8065-bf6c-c7f3131fcb1c'],['97ad4755-71fa-4312-8b59-e86abdbc9cf3']
Diarias 14 Dias,2025-04-08,1120.0,Diária,Motorista,,,,['1bc6a2d5-8811-8065-bf6c-c7f3131fcb1c'],['97ad4755-71fa-4312-8b59-e86abdbc9cf3']
Posto São João,2025-04-07,156.0,Arla,Empresa,,,,['1bc6a2d5-8811-8065-bf6c-c7f3131fcb1c'],['97ad4755-71fa-4312-8b59-e86abdbc9cf3']
Posto São João,2025-04-07,2885.0,Combustível,Empresa,,,,['1bc6a2d5-8811-8065-bf6c-c7f3131fcb1c'],['97ad4755-71fa-4312-8b59-e86abdbc9cf3']
Posto Terra Nova,2025-04-05,2098.16,Combustível,Empresa,,,,['1bc6a2d5-8811-8065-bf6c-c7f3131fcb1c'],['97ad4755-71fa-4312-8b59-e86abdbc9cf3']
Posto Arizona,2025-04-04,149.52,Arla,Motorista,,,,['1bc6a2d5-8811-8065-bf6c-c7f3131fcb1c'],['97ad4755-71fa-4312-8b59-e86abdbc9cf3']
Posto HD 11,2025-04-04,2000.0,Combustível,Empresa,,,,['1bc6a2d5-8811-8065-bf6c-c7f3131fcb1c'],['97ad4755-71fa-4312-8b59-e86abdbc9cf3']
Posto Pacheco,2025-04-03,350.0,Combustível,Motorista,,,,['1bc6a2d5-8811-8065-bf6c-c7f3131fcb1c'],['97ad4755-71fa-4312-8b59-e86abdbc9cf3']
Posto Volante de Ouro,2025-04-01,139.92,Arla,Empresa,,,,['1bc6a2d5-8811-8065-bf6c-c7f3131fcb1c'],['97ad4755-71fa-4312-8b59-e86abdbc9cf3']
Posto Volante de Ouro,2025-04-01,3570.01,Combustível,Empresa,,,,['1bc6a2d5-8811-8065-bf6c-c7f3131fcb1c'],['97ad4755-71fa-4312-8b59-e86abdbc9cf3']
Posto Arizona,2025-03-24,56.04,Arla,Empresa,,,,['1bc6a2d5-8811-8065-bf6c-c7f3131fcb1c'],['97ad4755-71fa-4312-8b59-e86abdbc9cf3']
Posto Arizona,2025-03-24,1483.95,Combustível,Empresa,,,,['1bc6a2d5-8811-8065-bf6c-c7f3131fcb1c'],['97ad4755-71fa-4312-8b59-e86abdbc9cf3']
Posto São João,2025-04-04,126.0,Arla,Empresa,,,,['1a76a2d5-8811-809e-9ad9-eefbaa0f7dcd'],['809e3a03-91cb-4d44-a91d-360e71c9cc12']
Posto São João,2025-04-04,3255.02,Combustível,Empresa,,,,['1a76a2d5-8811-809e-9ad9-eefbaa0f7dcd'],['809e3a03-91cb-4d44-a91d-360e71c9cc12']
Comissão Mot,2025-04-02,1200.0,Comissão,Motorista,,,,['1a76a2d5-8811-809e-9ad9-eefbaa0f7dcd'],['809e3a03-91cb-4d44-a91d-360e71c9cc12']
Diaria 36 Dias,2025-04-02,3240.0,Diária,Motorista,,,,['1a76a2d5-8811-809e-9ad9-eefbaa0f7dcd'],['809e3a03-91cb-4d44-a91d-360e71c9cc12']
Comissão Alaine,2025-04-02,250.0,Comissão,Motorista,,,,['1a76a2d5-8811-809e-9ad9-eefbaa0f7dcd'],['809e3a03-91cb-4d44-a91d-360e71c9cc12']
Caxinha,2025-04-02,140.0,Gorjeta,Motorista,,,,['1a76a2d5-8811-809e-9ad9-eefbaa0f7dcd'],['809e3a03-91cb-4d44-a91d-360e71c9cc12']
Mont. farol - Tampa,2025-04-02,280.0,Manutenção,Motorista,,,,['1a76a2d5-8811-809e-9ad9-eefbaa0f7dcd'],['809e3a03-91cb-4d44-a91d-360e71c9cc12']
Reaperto Feixe,2025-04-02,50.0,Manutenção,Motorista,,,,['1a76a2d5-8811-809e-9ad9-eefbaa0f7dcd'],['809e3a03-91cb-4d44-a91d-360e71c9cc12']
Vassoura,2025-04-02,12.49,Diversos,Motorista,,,,['1a76a2d5-8811-809e-9ad9-eefbaa0f7dcd'],['809e3a03-91cb-4d44-a91d-360e71c9cc12']
Fita Tacografo,2025-04-02,45.0,Manutenção,Motorista,,,,['1a76a2d5-8811-809e-9ad9-eefbaa0f7dcd'],['809e3a03-91cb-4d44-a91d-360e71c9cc12']
Lampada H7,2025-04-02,55.0,Manutenção,Motorista,,,,['1a76a2d5-8811-809e-9ad9-eefbaa0f7dcd'],['809e3a03-91cb-4d44-a91d-360e71c9cc12']
Lona,2025-04-02,124.8,Diversos,Motorista,,,,['1a76a2d5-8811-809e-9ad9-eefbaa0f7dcd'],['809e3a03-91cb-4d44-a91d-360e71c9cc12']
lubrificação,2025-04-02,50.0,Manutenção,Motorista,,,,['1a76a2d5-8811-809e-9ad9-eefbaa0f7dcd'],['809e3a03-91cb-4d44-a91d-360e71c9cc12']
Borracharia Strada,2025-04-02,90.0,Borracharia,Motorista,,,,['1a76a2d5-8811-809e-9ad9-eefbaa0f7dcd'],['809e3a03-91cb-4d44-a91d-360e71c9cc12']
lavagem  ,2025-04-02,230.0,Lavagem,Motorista,,,,['1a76a2d5-8811-809e-9ad9-eefbaa0f7dcd'],['809e3a03-91cb-4d44-a91d-360e71c9cc12']
Estacionamento,2025-04-02,40.0,Estacionamento,Motorista,,,,['1a76a2d5-8811-809e-9ad9-eefbaa0f7dcd'],['809e3a03-91cb-4d44-a91d-360e71c9cc12']
Posto Cotegir,2025-04-02,300.0,Combustível,Motorista,,,,['1a76a2d5-8811-809e-9ad9-eefbaa0f7dcd'],['809e3a03-91cb-4d44-a91d-360e71c9cc12']
Posto Reforço,2025-03-16,161.24,Arla,Motorista,,,,['1a76a2d5-8811-809e-9ad9-eefbaa0f7dcd'],['809e3a03-91cb-4d44-a91d-360e71c9cc12']
Posto Reforço,2025-03-16,1716.54,Combustível,Motorista,,,,['1a76a2d5-8811-809e-9ad9-eefbaa0f7dcd'],['809e3a03-91cb-4d44-a91d-360e71c9cc12']
Posto ygor,2025-03-22,95.0,Arla,Motorista,,,,['1a76a2d5-8811-809e-9ad9-eefbaa0f7dcd'],['809e3a03-91cb-4d44-a91d-360e71c9cc12']
Posto ygor,2025-03-22,2230.01,Combustível,Motorista,,,,['1a76a2d5-8811-809e-9ad9-eefbaa0f7dcd'],['809e3a03-91cb-4d44-a91d-360e71c9cc12']
Posto Pichilau,2025-03-18,99.0,Arla,Motorista,,,,['1a76a2d5-8811-809e-9ad9-eefbaa0f7dcd'],['809e3a03-91cb-4d44-a91d-360e71c9cc12']
Posto Pichilau,2025-03-18,2000.04,Combustível,Motorista,,,,['1a76a2d5-8811-809e-9ad9-eefbaa0f7dcd'],['809e3a03-91cb-4d44-a91d-360e71c9cc12']
Posto Grall Estiva,2025-03-28,141.15,Arla,Motorista,,,,['1a76a2d5-8811-809e-9ad9-eefbaa0f7dcd'],['809e3a03-91cb-4d44-a91d-360e71c9cc12']
Posto Grall Estiva,2025-03-28,3432.26,Combustível,Motorista,,,,['1a76a2d5-8811-809e-9ad9-eefbaa0f7dcd'],['809e3a03-91cb-4d44-a91d-360e71c9cc12']
Posto Grall Estiva,2025-03-14,105.8,Arla,Motorista,,,,['1a76a2d5-8811-809e-9ad9-eefbaa0f7dcd'],['809e3a03-91cb-4d44-a91d-360e71c9cc12']
Posto Grall Estiva,2025-03-14,3150.19,Combustível,Motorista,,,,['1a76a2d5-8811-809e-9ad9-eefbaa0f7dcd'],['809e3a03-91cb-4d44-a91d-360e71c9cc12']
Posto Moro Azul,2025-03-12,65.64,Arla,Motorista,,,,['1a76a2d5-8811-809e-9ad9-eefbaa0f7dcd'],['809e3a03-91cb-4d44-a91d-360e71c9cc12']
Posto Moro Azul,2025-03-12,600.0,Combustível,Motorista,,,,['1a76a2d5-8811-809e-9ad9-eefbaa0f7dcd'],['809e3a03-91cb-4d44-a91d-360e71c9cc12']
Posto D angelis,2025-03-24,107.6,Arla,Empresa,,,,['1a76a2d5-8811-809e-9ad9-eefbaa0f7dcd'],['809e3a03-91cb-4d44-a91d-360e71c9cc12']
Posto D angelis,2025-03-24,2168.35,Combustível,Empresa,,,,['1a76a2d5-8811-809e-9ad9-eefbaa0f7dcd'],['809e3a03-91cb-4d44-a91d-360e71c9cc12']
Posto D angelis,2025-03-15,1733.32,Combustível,Empresa,,,,['1a76a2d5-8811-809e-9ad9-eefbaa0f7dcd'],['809e3a03-91cb-4d44-a91d-360e71c9cc12']
Posto D angelis,2025-03-10,126.92,Arla,Empresa,,,,['1a76a2d5-8811-809e-9ad9-eefbaa0f7dcd'],['809e3a03-91cb-4d44-a91d-360e71c9cc12']
Posto D angelis,2025-03-10,2139.2,Combustível,Empresa,,,,['1a76a2d5-8811-809e-9ad9-eefbaa0f7dcd'],['809e3a03-91cb-4d44-a91d-360e71c9cc12']
Posto Andorinha,2025-03-23,150.94,Arla,Empresa,,,,['1a76a2d5-8811-809e-9ad9-eefbaa0f7dcd'],['809e3a03-91cb-4d44-a91d-360e71c9cc12']
Posto Andorinha,2025-03-23,1784.75,Combustível,Empresa,,,,['1a76a2d5-8811-809e-9ad9-eefbaa0f7dcd'],['809e3a03-91cb-4d44-a91d-360e71c9cc12']
Posto Andorinha,2025-03-30,270.0,Arla,Empresa,,,,['1a76a2d5-8811-809e-9ad9-eefbaa0f7dcd'],['809e3a03-91cb-4d44-a91d-360e71c9cc12']
Posto Andorinha,2025-03-30,3451.49,Combustível,Empresa,,,,['1a76a2d5-8811-809e-9ad9-eefbaa0f7dcd'],['809e3a03-91cb-4d44-a91d-360e71c9cc12']
Posto Andorinha,2025-03-09,90.0,Arla,Motorista,,,,['1a76a2d5-8811-809e-9ad9-eefbaa0f7dcd'],['809e3a03-91cb-4d44-a91d-360e71c9cc12']
Posto Andorinha,2025-03-09,1896.91,Combustível,Motorista,,,,['1a76a2d5-8811-809e-9ad9-eefbaa0f7dcd'],['809e3a03-91cb-4d44-a91d-360e71c9cc12']
Posto Ygor,2025-03-08,90.0,Arla,Motorista,,,,['1a76a2d5-8811-809e-9ad9-eefbaa0f7dcd'],['809e3a03-91cb-4d44-a91d-360e71c9cc12']
Posto Ygor,2025-03-08,1791.0,Combustível,Motorista,,,,['1a76a2d5-8811-809e-9ad9-eefbaa0f7dcd'],['809e3a03-91cb-4d44-a91d-360e71c9cc12']
Posto HD 11 ,2025-03-16,2000.0,Combustível,Empresa,,,,['1bc6a2d5-8811-80a8-9af0-c5d51f39ca03'],['97ad4755-71fa-4312-8b59-e86abdbc9cf3']
Comissão Mot ,2025-03-20,300.0,Comissão,Motorista,,,,['1bc6a2d5-8811-80a8-9af0-c5d51f39ca03'],['97ad4755-71fa-4312-8b59-e86abdbc9cf3']
Estacionamento ,2025-03-20,50.0,Estacionamento,Motorista,,,,['1bc6a2d5-8811-80a8-9af0-c5d51f39ca03'],['97ad4755-71fa-4312-8b59-e86abdbc9cf3']
Comisão Ronaldo ,2025-03-20,250.0,Comissão,Motorista,,,,['1bc6a2d5-8811-80a8-9af0-c5d51f39ca03'],['97ad4755-71fa-4312-8b59-e86abdbc9cf3']
Taxa Passe ,2025-03-20,23.7,Diversos,Motorista,,,,['1bc6a2d5-8811-80a8-9af0-c5d51f39ca03'],['97ad4755-71fa-4312-8b59-e86abdbc9cf3']
Ajudante,2025-03-20,35.0,Diversos,Motorista,,,,['1bc6a2d5-8811-80a8-9af0-c5d51f39ca03'],['97ad4755-71fa-4312-8b59-e86abdbc9cf3']
Caxinha ,2025-03-20,110.0,Gorjeta,Motorista,,,,['1bc6a2d5-8811-80a8-9af0-c5d51f39ca03'],['97ad4755-71fa-4312-8b59-e86abdbc9cf3']
Diarias 22 Dias,2025-03-20,1760.0,Diária,Motorista,,,,['1bc6a2d5-8811-80a8-9af0-c5d51f39ca03'],['97ad4755-71fa-4312-8b59-e86abdbc9cf3']
Posto São João,2025-03-20,111.0,Arla,Empresa,,,,['1bc6a2d5-8811-80a8-9af0-c5d51f39ca03'],['97ad4755-71fa-4312-8b59-e86abdbc9cf3']
Posto São João ,2025-03-20,2920.06,Combustível,Empresa,,,,['1bc6a2d5-8811-80a8-9af0-c5d51f39ca03'],['97ad4755-71fa-4312-8b59-e86abdbc9cf3']
Posto Arizona ,2025-03-17,239.36,Arla,Empresa,,,,['1bc6a2d5-8811-80a8-9af0-c5d51f39ca03'],['97ad4755-71fa-4312-8b59-e86abdbc9cf3']
Posto Arizona ,2025-03-17,1926.8,Combustível,Empresa,,,,['1bc6a2d5-8811-80a8-9af0-c5d51f39ca03'],['97ad4755-71fa-4312-8b59-e86abdbc9cf3']
Posto Pacheco,2025-03-16,1025.54,Combustível,Empresa,,,,['1bc6a2d5-8811-80a8-9af0-c5d51f39ca03'],['97ad4755-71fa-4312-8b59-e86abdbc9cf3']
Posto Volante Ouro,2025-03-14,123.66,Arla,Motorista,,,,['1bc6a2d5-8811-80a8-9af0-c5d51f39ca03'],['97ad4755-71fa-4312-8b59-e86abdbc9cf3']
Posto Volante Ouro,2025-03-14,3108.82,Combustível,Motorista,,,,['1bc6a2d5-8811-80a8-9af0-c5d51f39ca03'],['97ad4755-71fa-4312-8b59-e86abdbc9cf3']
Posto Boiadeiro,2025-03-05,41.42,Arla,Motorista,,,,['1bc6a2d5-8811-80a8-9af0-c5d51f39ca03'],['97ad4755-71fa-4312-8b59-e86abdbc9cf3']
Posto Boiadeiro,2025-03-05,1088.93,Combustível,Motorista,,,,['1bc6a2d5-8811-80a8-9af0-c5d51f39ca03'],['97ad4755-71fa-4312-8b59-e86abdbc9cf3']
Posto Belém,2025-02-28,129.76,Arla,Empresa,,,,['1bc6a2d5-8811-80a8-9af0-c5d51f39ca03'],['97ad4755-71fa-4312-8b59-e86abdbc9cf3']
Posto Belém,2025-02-28,2955.97,Combustível,Empresa,,,,['1bc6a2d5-8811-80a8-9af0-c5d51f39ca03'],['97ad4755-71fa-4312-8b59-e86abdbc9cf3']
Comissão,2025-02-27,400.0,Comissão,Motorista,,,,['1926a2d5-8811-80c5-ac80-f94d977cbc3d'],['809e3a03-91cb-4d44-a91d-360e71c9cc12']
Diaria 18 Dias,2025-02-27,1440.0,Diária,Motorista,,,,['1926a2d5-8811-80c5-ac80-f94d977cbc3d'],['809e3a03-91cb-4d44-a91d-360e71c9cc12']
Passagem Gloria,2025-02-27,36.0,Diversos,Motorista,,,,['1926a2d5-8811-80c5-ac80-f94d977cbc3d'],['809e3a03-91cb-4d44-a91d-360e71c9cc12']
Chapa - Timon,2025-02-27,30.0,Gorjeta,Motorista,,,,['1926a2d5-8811-80c5-ac80-f94d977cbc3d'],['809e3a03-91cb-4d44-a91d-360e71c9cc12']
FC Ronaldo,2025-02-27,300.0,Gorjeta,Motorista,,,,['1926a2d5-8811-80c5-ac80-f94d977cbc3d'],['809e3a03-91cb-4d44-a91d-360e71c9cc12']
Caxinha ,2025-02-27,120.0,Gorjeta,Motorista,,,,['1926a2d5-8811-80c5-ac80-f94d977cbc3d'],['809e3a03-91cb-4d44-a91d-360e71c9cc12']
Murini,2025-02-27,500.0,Diversos,Motorista,,,,['1926a2d5-8811-80c5-ac80-f94d977cbc3d'],['809e3a03-91cb-4d44-a91d-360e71c9cc12']
Avaria,2025-02-27,20.0,Diversos,Motorista,,,,['1926a2d5-8811-80c5-ac80-f94d977cbc3d'],['809e3a03-91cb-4d44-a91d-360e71c9cc12']
Alinhamento Carreta,2025-02-27,150.0,Manutenção,Motorista,,,,['1926a2d5-8811-80c5-ac80-f94d977cbc3d'],['809e3a03-91cb-4d44-a91d-360e71c9cc12']
Taxa Para,2025-02-27,23.7,Diversos,Motorista,,,,['1926a2d5-8811-80c5-ac80-f94d977cbc3d'],['809e3a03-91cb-4d44-a91d-360e71c9cc12']
Lavagem ,2025-02-27,200.0,Lavagem,Motorista,,,,['1926a2d5-8811-80c5-ac80-f94d977cbc3d'],['809e3a03-91cb-4d44-a91d-360e71c9cc12']
Borracharia Strada,2025-02-27,140.0,Borracharia,Motorista,,,,['1926a2d5-8811-80c5-ac80-f94d977cbc3d'],['809e3a03-91cb-4d44-a91d-360e71c9cc12']
Lubrificação,2025-02-27,50.0,Manutenção,Motorista,,,,['1926a2d5-8811-80c5-ac80-f94d977cbc3d'],['809e3a03-91cb-4d44-a91d-360e71c9cc12']
Produto Limpeza,2025-02-27,35.58,Diversos,Motorista,,,,['1926a2d5-8811-80c5-ac80-f94d977cbc3d'],['809e3a03-91cb-4d44-a91d-360e71c9cc12']
Tampa Corrote,2025-02-27,29.0,Manutenção,Motorista,,,,['1926a2d5-8811-80c5-ac80-f94d977cbc3d'],['809e3a03-91cb-4d44-a91d-360e71c9cc12']
Estacionamento,2025-02-27,109.0,Estacionamento,Motorista,,,,['1926a2d5-8811-80c5-ac80-f94d977cbc3d'],['809e3a03-91cb-4d44-a91d-360e71c9cc12']
Posto São João,2025-02-26,75.0,Arla,Empresa,,,,['1926a2d5-8811-80c5-ac80-f94d977cbc3d'],['809e3a03-91cb-4d44-a91d-360e71c9cc12']
Posto São João,2025-02-26,2263.01,Combustível,Empresa,,,,['1926a2d5-8811-80c5-ac80-f94d977cbc3d'],['809e3a03-91cb-4d44-a91d-360e71c9cc12']
Posto Ana Terra,2025-02-21,148.0,Arla,Empresa,,,,['1926a2d5-8811-80c5-ac80-f94d977cbc3d'],['809e3a03-91cb-4d44-a91d-360e71c9cc12']
`Posto Ana Terra,2025-02-21,2479.92,Combustível,Empresa,,,,['1926a2d5-8811-80c5-ac80-f94d977cbc3d'],['809e3a03-91cb-4d44-a91d-360e71c9cc12']
Posto Arizona,2025-02-22,135.0,Arla,Motorista,,,,['1926a2d5-8811-80c5-ac80-f94d977cbc3d'],['809e3a03-91cb-4d44-a91d-360e71c9cc12']
Posto Arizona,2025-02-22,1737.0,Combustível,Motorista,,,,['1926a2d5-8811-80c5-ac80-f94d977cbc3d'],['809e3a03-91cb-4d44-a91d-360e71c9cc12']
Posto Yccar,2025-02-18,1875.0,Combustível,Motorista,,,,['1926a2d5-8811-80c5-ac80-f94d977cbc3d'],['809e3a03-91cb-4d44-a91d-360e71c9cc12']
Ana Terra,2025-02-16,74.0,Arla,Motorista,,,,['1926a2d5-8811-80c5-ac80-f94d977cbc3d'],['809e3a03-91cb-4d44-a91d-360e71c9cc12']
Ana Terra,2025-02-16,1661.59,Combustível,Motorista,,,,['1926a2d5-8811-80c5-ac80-f94d977cbc3d'],['809e3a03-91cb-4d44-a91d-360e71c9cc12']
Posto A Mais,2025-02-12,123.58,Arla,Motorista,,,,['1926a2d5-8811-80c5-ac80-f94d977cbc3d'],['809e3a03-91cb-4d44-a91d-360e71c9cc12']
Posto A Mais,2025-02-12,3178.56,Combustível,Motorista,,,,['1926a2d5-8811-80c5-ac80-f94d977cbc3d'],['809e3a03-91cb-4d44-a91d-360e71c9cc12']
Hidrotintas - desc.,2025-02-11,1120.0,Diversos,Empresa,,,,['18c6a2d5-8811-8032-bf44-d56cd516f019'],['97ad4755-71fa-4312-8b59-e86abdbc9cf3']
Comissão Mot,2025-02-24,300.0,Comissão,Motorista,,,,['18c6a2d5-8811-8032-bf44-d56cd516f019'],['97ad4755-71fa-4312-8b59-e86abdbc9cf3']
Estacionamento ,2025-02-24,22.0,Estacionamento,Motorista,,,,['18c6a2d5-8811-8032-bf44-d56cd516f019'],['97ad4755-71fa-4312-8b59-e86abdbc9cf3']
Caxinha - Madeira -Tinta,2025-02-24,70.0,Gorjeta,Motorista,,,,['18c6a2d5-8811-8032-bf44-d56cd516f019'],['97ad4755-71fa-4312-8b59-e86abdbc9cf3']
Hidrotintas - Strada,2025-02-24,10.0,Diversos,Motorista,,,,['18c6a2d5-8811-8032-bf44-d56cd516f019'],['97ad4755-71fa-4312-8b59-e86abdbc9cf3']
lubrificção,2025-02-24,50.0,Manutenção,Motorista,,,,['18c6a2d5-8811-8032-bf44-d56cd516f019'],['97ad4755-71fa-4312-8b59-e86abdbc9cf3']
Moto Taxi Pineiro MA,2025-02-24,30.0,Diversos,Motorista,,,,['18c6a2d5-8811-8032-bf44-d56cd516f019'],['97ad4755-71fa-4312-8b59-e86abdbc9cf3']
Strada,2025-02-24,150.0,Diversos,Motorista,,,,['18c6a2d5-8811-8032-bf44-d56cd516f019'],['97ad4755-71fa-4312-8b59-e86abdbc9cf3']
Reaperto,2025-02-24,50.0,Manutenção,Motorista,,,,['18c6a2d5-8811-8032-bf44-d56cd516f019'],['97ad4755-71fa-4312-8b59-e86abdbc9cf3']
Ajudante,2025-02-24,35.0,Diversos,Motorista,,,,['18c6a2d5-8811-8032-bf44-d56cd516f019'],['97ad4755-71fa-4312-8b59-e86abdbc9cf3']
Passagem itab,2025-02-24,20.0,Diversos,Motorista,,,,['18c6a2d5-8811-8032-bf44-d56cd516f019'],['97ad4755-71fa-4312-8b59-e86abdbc9cf3']
Taxa Piaui,2025-02-24,23.7,Diversos,Motorista,,,,['18c6a2d5-8811-8032-bf44-d56cd516f019'],['97ad4755-71fa-4312-8b59-e86abdbc9cf3']
Diaria 22 Dias,2025-02-24,1760.0,Diária,Motorista,,,,['18c6a2d5-8811-8032-bf44-d56cd516f019'],['97ad4755-71fa-4312-8b59-e86abdbc9cf3']
Posto São João ,2025-02-24,75.0,Arla,Empresa,,,,['18c6a2d5-8811-8032-bf44-d56cd516f019'],['97ad4755-71fa-4312-8b59-e86abdbc9cf3']
Posto São João ,2025-02-24,3083.0,Combustível,Empresa,,,,['18c6a2d5-8811-8032-bf44-d56cd516f019'],['97ad4755-71fa-4312-8b59-e86abdbc9cf3']
Posto Batalha,2025-02-18,300.0,Combustível,Motorista,,,,['18c6a2d5-8811-8032-bf44-d56cd516f019'],['97ad4755-71fa-4312-8b59-e86abdbc9cf3']
Posto São Cristovão,2025-02-06,115.32,Arla,Empresa,,,,['18c6a2d5-8811-8032-bf44-d56cd516f019'],['97ad4755-71fa-4312-8b59-e86abdbc9cf3']
Posto São Cristovão,2025-02-06,2745.65,Combustível,Empresa,,,,['18c6a2d5-8811-8032-bf44-d56cd516f019'],['97ad4755-71fa-4312-8b59-e86abdbc9cf3']
Posto Belém ,2025-02-09,2063.0,Combustível,Empresa,,,,['18c6a2d5-8811-8032-bf44-d56cd516f019'],['97ad4755-71fa-4312-8b59-e86abdbc9cf3']
Posto Arizona,2025-02-20,89.77,Arla,Empresa,,,,['18c6a2d5-8811-8032-bf44-d56cd516f019'],['97ad4755-71fa-4312-8b59-e86abdbc9cf3']
Posto Arizona,2025-02-20,1000.0,Combustível,Empresa,,,,['18c6a2d5-8811-8032-bf44-d56cd516f019'],['97ad4755-71fa-4312-8b59-e86abdbc9cf3']
Posto Ana Terra,2025-02-18,220.07,Arla,Empresa,,,,['18c6a2d5-8811-8032-bf44-d56cd516f019'],['97ad4755-71fa-4312-8b59-e86abdbc9cf3']
Posto Ana Terra,2025-02-18,4232.55,Combustível,Empresa,,,,['18c6a2d5-8811-8032-bf44-d56cd516f019'],['97ad4755-71fa-4312-8b59-e86abdbc9cf3']
Comissão Mot,2025-02-06,600.0,Comissão,Motorista,,,,['1816a2d5-8811-8021-9543-d623289bface'],['809e3a03-91cb-4d44-a91d-360e71c9cc12']
Diaria 14 dias,2025-02-06,1120.0,Diária,Motorista,,,,['1816a2d5-8811-8021-9543-d623289bface'],['809e3a03-91cb-4d44-a91d-360e71c9cc12']
Moto Taxi ,2025-02-06,50.0,Diversos,Motorista,,,,['1816a2d5-8811-8021-9543-d623289bface'],['809e3a03-91cb-4d44-a91d-360e71c9cc12']
Comissão Alirio,2025-02-06,150.0,Comissão,Motorista,,,,['1816a2d5-8811-8021-9543-d623289bface'],['809e3a03-91cb-4d44-a91d-360e71c9cc12']
Caxinha,2025-02-06,80.0,Gorjeta,Motorista,,,,['1816a2d5-8811-8021-9543-d623289bface'],['809e3a03-91cb-4d44-a91d-360e71c9cc12']
Geraldo Bau ,2025-02-06,100.0,Manutenção,Motorista,,,,['1816a2d5-8811-8021-9543-d623289bface'],['809e3a03-91cb-4d44-a91d-360e71c9cc12']
Borracharia Strada,2025-02-06,120.0,Borracharia,Motorista,,,,['1816a2d5-8811-8021-9543-d623289bface'],['809e3a03-91cb-4d44-a91d-360e71c9cc12']
Posto São João,2025-02-06,108.0,Arla,Empresa,,,,['1816a2d5-8811-8021-9543-d623289bface'],['809e3a03-91cb-4d44-a91d-360e71c9cc12']
Posto São João ,2025-02-06,1755.03,Combustível,Empresa,,,,['1816a2d5-8811-8021-9543-d623289bface'],['809e3a03-91cb-4d44-a91d-360e71c9cc12']
Posto Limarques,2025-01-26,239.7,Arla,Motorista,,,,['1816a2d5-8811-8021-9543-d623289bface'],['809e3a03-91cb-4d44-a91d-360e71c9cc12']
Posto Vila Bela,2025-02-01,81.9,Arla,Motorista,,,,['1816a2d5-8811-8021-9543-d623289bface'],['809e3a03-91cb-4d44-a91d-360e71c9cc12']
Posto Vila Bela,2025-02-01,2710.99,Combustível,Motorista,,,,['1816a2d5-8811-8021-9543-d623289bface'],['809e3a03-91cb-4d44-a91d-360e71c9cc12']
Posto Mariana,2025-01-25,190.0,Arla,Empresa,,,,['1816a2d5-8811-8021-9543-d623289bface'],['809e3a03-91cb-4d44-a91d-360e71c9cc12']
Posto Mariana,2025-01-25,2617.4,Combustível,Empresa,,,,['1816a2d5-8811-8021-9543-d623289bface'],['809e3a03-91cb-4d44-a91d-360e71c9cc12']
Posto Cachoeira 03,2025-01-29,3254.58,Combustível,Motorista,,,,['1816a2d5-8811-8021-9543-d623289bface'],['809e3a03-91cb-4d44-a91d-360e71c9cc12']
Posto São João ,2025-01-31,96.0,Arla,Empresa,,,,['18c6a2d5-8811-807a-a4a3-fb29c176d47d'],['97ad4755-71fa-4312-8b59-e86abdbc9cf3']
Imprimir  Manifesto,2025-01-31,4.0,Diversos,Motorista,,,,['18c6a2d5-8811-807a-a4a3-fb29c176d47d'],['97ad4755-71fa-4312-8b59-e86abdbc9cf3']
Caxinha Descaregar,2025-01-31,20.0,Gorjeta,Motorista,,,,['18c6a2d5-8811-807a-a4a3-fb29c176d47d'],['97ad4755-71fa-4312-8b59-e86abdbc9cf3']
Estacionamento,2025-01-31,25.0,Estacionamento,Motorista,,,,['18c6a2d5-8811-807a-a4a3-fb29c176d47d'],['97ad4755-71fa-4312-8b59-e86abdbc9cf3']
Moto Taxi ,2025-01-31,10.0,Diversos,Motorista,,,,['18c6a2d5-8811-807a-a4a3-fb29c176d47d'],['97ad4755-71fa-4312-8b59-e86abdbc9cf3']
Caxinha Farinha,2025-01-31,20.0,Gorjeta,Motorista,,,,['18c6a2d5-8811-807a-a4a3-fb29c176d47d'],['97ad4755-71fa-4312-8b59-e86abdbc9cf3']
Comissão Mot,2025-01-31,300.0,Comissão,Motorista,,,,['18c6a2d5-8811-807a-a4a3-fb29c176d47d'],['97ad4755-71fa-4312-8b59-e86abdbc9cf3']
Diaria 09 Dias,2025-01-31,720.0,Diária,Motorista,,,,['18c6a2d5-8811-807a-a4a3-fb29c176d47d'],['97ad4755-71fa-4312-8b59-e86abdbc9cf3']
Posto São João ,2025-01-31,1900.0,Combustível,Empresa,,,,['18c6a2d5-8811-807a-a4a3-fb29c176d47d'],['97ad4755-71fa-4312-8b59-e86abdbc9cf3']
 Rede Mais,2025-01-29,176.02,Arla,Motorista,,,,['18c6a2d5-8811-807a-a4a3-fb29c176d47d'],['97ad4755-71fa-4312-8b59-e86abdbc9cf3']
Posto Cachoeira,2025-01-28,3415.3,Combustível,Motorista,,,,['18c6a2d5-8811-807a-a4a3-fb29c176d47d'],['97ad4755-71fa-4312-8b59-e86abdbc9cf3']
Comissão Mot,2025-01-21,300.0,Comissão,Motorista,,,,['16c6a2d5-8811-80ec-bdfe-e094be3e2660'],['97ad4755-71fa-4312-8b59-e86abdbc9cf3']
Caxinha Madeira,2025-01-21,40.0,Gorjeta,Motorista,,,,['16c6a2d5-8811-80ec-bdfe-e094be3e2660'],['97ad4755-71fa-4312-8b59-e86abdbc9cf3']
Ajudante,2025-01-21,35.0,Diversos,Motorista,,,,['16c6a2d5-8811-80ec-bdfe-e094be3e2660'],['97ad4755-71fa-4312-8b59-e86abdbc9cf3']
Diaria 18 Dias,2025-01-21,1440.0,Diária,Motorista,,,,['16c6a2d5-8811-80ec-bdfe-e094be3e2660'],['97ad4755-71fa-4312-8b59-e86abdbc9cf3']
Posto Belem 01,2025-01-04,128.94,Arla,Empresa,,,,['16c6a2d5-8811-80ec-bdfe-e094be3e2660'],['97ad4755-71fa-4312-8b59-e86abdbc9cf3']
Posto Belem ,2025-01-04,2842.04,Combustível,Empresa,,,,['16c6a2d5-8811-80ec-bdfe-e094be3e2660'],['97ad4755-71fa-4312-8b59-e86abdbc9cf3']
Posto São João,2025-01-21,150.0,Arla,Empresa,,,,['16c6a2d5-8811-80ec-bdfe-e094be3e2660'],['97ad4755-71fa-4312-8b59-e86abdbc9cf3']
Posto Belem 01,2025-01-16,164.29,Arla,Empresa,,,,['16c6a2d5-8811-80ec-bdfe-e094be3e2660'],['97ad4755-71fa-4312-8b59-e86abdbc9cf3']
Posto Belem 01,2025-01-16,3779.97,Combustível,Empresa,,,,['16c6a2d5-8811-80ec-bdfe-e094be3e2660'],['97ad4755-71fa-4312-8b59-e86abdbc9cf3']
Posto São João ,2025-01-21,1620.0,Combustível,Empresa,,,,['16c6a2d5-8811-80ec-bdfe-e094be3e2660'],['97ad4755-71fa-4312-8b59-e86abdbc9cf3']
Posto Arizona,2025-01-18,2707.0,Combustível,Empresa,,,,['16c6a2d5-8811-80ec-bdfe-e094be3e2660'],['97ad4755-71fa-4312-8b59-e86abdbc9cf3']
Detetização / Farinha,2025-01-18,40.0,Diversos,Motorista,,,,['1776a2d5-8811-806b-b169-f639e1cf4f16'],['809e3a03-91cb-4d44-a91d-360e71c9cc12']
Caxinha,2025-01-18,60.0,Gorjeta,Motorista,,,,['1776a2d5-8811-806b-b169-f639e1cf4f16'],['809e3a03-91cb-4d44-a91d-360e71c9cc12']
Diaria 10 Dias,2025-01-18,800.0,Diária,Motorista,,,,['1776a2d5-8811-806b-b169-f639e1cf4f16'],['809e3a03-91cb-4d44-a91d-360e71c9cc12']
Polimento Geral ,2025-01-18,300.0,Lavagem,Motorista,,,,['1776a2d5-8811-806b-b169-f639e1cf4f16'],['809e3a03-91cb-4d44-a91d-360e71c9cc12']
Barbosa Acessorios,2025-01-18,65.0,Manutenção,Motorista,,,,['1776a2d5-8811-806b-b169-f639e1cf4f16'],['809e3a03-91cb-4d44-a91d-360e71c9cc12']
Posto Limarques,2025-01-17,239.7,Arla,Motorista,,,,['1776a2d5-8811-806b-b169-f639e1cf4f16'],['809e3a03-91cb-4d44-a91d-360e71c9cc12']
Posto São João ,2025-01-18,2220.04,Combustível,Empresa,,,,['1776a2d5-8811-806b-b169-f639e1cf4f16'],['809e3a03-91cb-4d44-a91d-360e71c9cc12']
Posto Cachoeira 03,2025-01-16,3243.36,Combustível,Empresa,,,,['1776a2d5-8811-806b-b169-f639e1cf4f16'],['809e3a03-91cb-4d44-a91d-360e71c9cc12']
Posto São João,2025-01-09,117.0,Arla,Empresa,,,,['1716a2d5-8811-8034-be44-f9b1bb6fe610'],['809e3a03-91cb-4d44-a91d-360e71c9cc12']
Posto São João ,2025-01-09,2223.0,Combustível,Empresa,,,,['1716a2d5-8811-8034-be44-f9b1bb6fe610'],['809e3a03-91cb-4d44-a91d-360e71c9cc12']
Comissão Alirio/ Viajem NV 15,2025-01-04,150.0,Comissão,Motorista,,,,['1716a2d5-8811-8034-be44-f9b1bb6fe610'],['809e3a03-91cb-4d44-a91d-360e71c9cc12']
Comissão Mot,2025-01-04,300.0,Comissão,Motorista,,,,['1716a2d5-8811-8034-be44-f9b1bb6fe610'],['809e3a03-91cb-4d44-a91d-360e71c9cc12']
Diarias 08 Dias,2025-01-04,640.0,Diária,Motorista,,,,['1716a2d5-8811-8034-be44-f9b1bb6fe610'],['809e3a03-91cb-4d44-a91d-360e71c9cc12']
Caxinha,2025-01-04,60.0,Gorjeta,Motorista,,,,['1716a2d5-8811-8034-be44-f9b1bb6fe610'],['809e3a03-91cb-4d44-a91d-360e71c9cc12']
Chapa Guia,2025-01-04,80.0,Diversos,Motorista,,,,['1716a2d5-8811-8034-be44-f9b1bb6fe610'],['809e3a03-91cb-4d44-a91d-360e71c9cc12']
Estacionamento,2025-01-04,64.0,Estacionamento,Motorista,,,,['1716a2d5-8811-8034-be44-f9b1bb6fe610'],['809e3a03-91cb-4d44-a91d-360e71c9cc12']
Posto Cachoeira,2025-01-01,190.0,Arla,Motorista,,,,['1716a2d5-8811-8034-be44-f9b1bb6fe610'],['809e3a03-91cb-4d44-a91d-360e71c9cc12']
Posto Cachoeira 03,2025-01-01,3033.0,Combustível,Motorista,,,,['1716a2d5-8811-8034-be44-f9b1bb6fe610'],['809e3a03-91cb-4d44-a91d-360e71c9cc12']
Comissão Mot ,2024-12-30,300.0,Comissão,Motorista,,,,['1506a2d5-8811-8097-b5e9-c878f725e2df'],['97ad4755-71fa-4312-8b59-e86abdbc9cf3']
Diaria 18 Dias,2024-12-30,1440.0,Diária,Motorista,,,,['1506a2d5-8811-8097-b5e9-c878f725e2df'],['97ad4755-71fa-4312-8b59-e86abdbc9cf3']
Carreg JDE - DESC. Aracaju,2024-12-30,300.0,Diversos,Motorista,,,,['1506a2d5-8811-8097-b5e9-c878f725e2df'],['97ad4755-71fa-4312-8b59-e86abdbc9cf3']
Ronaldo - Comissão,2024-12-30,200.0,Comissão,Motorista,,,,['1506a2d5-8811-8097-b5e9-c878f725e2df'],['97ad4755-71fa-4312-8b59-e86abdbc9cf3']
Taxa piaui,2024-12-30,22.6,Diversos,Motorista,,,,['1506a2d5-8811-8097-b5e9-c878f725e2df'],['97ad4755-71fa-4312-8b59-e86abdbc9cf3']
Ajudante,2024-12-30,35.0,Diversos,Motorista,,,,['1506a2d5-8811-8097-b5e9-c878f725e2df'],['97ad4755-71fa-4312-8b59-e86abdbc9cf3']
Caxinha ,2024-12-30,80.0,Gorjeta,Motorista,,,,['1506a2d5-8811-8097-b5e9-c878f725e2df'],['97ad4755-71fa-4312-8b59-e86abdbc9cf3']
Pelicula,2024-12-30,50.0,Manutenção,Motorista,,,,['1506a2d5-8811-8097-b5e9-c878f725e2df'],['97ad4755-71fa-4312-8b59-e86abdbc9cf3']
Estacionamento,2024-12-23,60.0,Estacionamento,Motorista,,,,['1506a2d5-8811-8097-b5e9-c878f725e2df'],['97ad4755-71fa-4312-8b59-e86abdbc9cf3']
Posto Arizona,2024-12-22,2540.51,Combustível,Empresa,,,,['1506a2d5-8811-8097-b5e9-c878f725e2df'],['97ad4755-71fa-4312-8b59-e86abdbc9cf3']
Posto HD ,2024-12-14,139.0,Arla,Motorista,,,,['1506a2d5-8811-8097-b5e9-c878f725e2df'],['97ad4755-71fa-4312-8b59-e86abdbc9cf3']
Posto São João ,2024-12-27,207.0,Arla,Empresa,,,,['1506a2d5-8811-8097-b5e9-c878f725e2df'],['97ad4755-71fa-4312-8b59-e86abdbc9cf3']
Posto São João,2024-12-27,1820.0,Combustível,Empresa,,,,['1506a2d5-8811-8097-b5e9-c878f725e2df'],['97ad4755-71fa-4312-8b59-e86abdbc9cf3']
Posto Belem ,2024-12-21,196.09,Arla,Empresa,,,,['1506a2d5-8811-8097-b5e9-c878f725e2df'],['97ad4755-71fa-4312-8b59-e86abdbc9cf3']
Posto Belém,2024-12-21,2000.0,Combustível,Empresa,,,,['1506a2d5-8811-8097-b5e9-c878f725e2df'],['97ad4755-71fa-4312-8b59-e86abdbc9cf3']
Posto DAM Boiadeiro,2024-12-21,1899.99,Combustível,Motorista,,,,['1506a2d5-8811-8097-b5e9-c878f725e2df'],['97ad4755-71fa-4312-8b59-e86abdbc9cf3']
Posto DAM  - Boiadeiro,2024-12-15,3300.0,Combustível,Motorista,,,,['1506a2d5-8811-8097-b5e9-c878f725e2df'],['97ad4755-71fa-4312-8b59-e86abdbc9cf3']
Posto São João,2024-12-28,126.0,Arla,Empresa,,,,['15e6a2d5-8811-80ff-849d-d646e1ee6bd6'],['809e3a03-91cb-4d44-a91d-360e71c9cc12']
Posto São João ,2024-12-27,2450.02,Combustível,Empresa,,,,['15e6a2d5-8811-80ff-849d-d646e1ee6bd6'],['809e3a03-91cb-4d44-a91d-360e71c9cc12']
Avaria,2024-12-24,50.0,Diversos,Motorista,,,,['15e6a2d5-8811-80ff-849d-d646e1ee6bd6'],['809e3a03-91cb-4d44-a91d-360e71c9cc12']
Comissão Mot,2024-12-24,300.0,Comissão,Motorista,,,,['15e6a2d5-8811-80ff-849d-d646e1ee6bd6'],['809e3a03-91cb-4d44-a91d-360e71c9cc12']
Diaria 07 Dias,2024-12-24,630.0,Diária,Motorista,,,,['15e6a2d5-8811-80ff-849d-d646e1ee6bd6'],['809e3a03-91cb-4d44-a91d-360e71c9cc12']
Lona Corda,2024-12-24,230.0,Diversos,Motorista,,,,['15e6a2d5-8811-80ff-849d-d646e1ee6bd6'],['809e3a03-91cb-4d44-a91d-360e71c9cc12']
Strada,2024-12-24,20.0,Diversos,Motorista,,,,['15e6a2d5-8811-80ff-849d-d646e1ee6bd6'],['809e3a03-91cb-4d44-a91d-360e71c9cc12']
Caxinha ,2024-12-24,60.0,Gorjeta,Motorista,,,,['15e6a2d5-8811-80ff-849d-d646e1ee6bd6'],['809e3a03-91cb-4d44-a91d-360e71c9cc12']
Posto Cachoeira 03,2024-12-20,190.0,Arla,Motorista,,,,['15e6a2d5-8811-80ff-849d-d646e1ee6bd6'],['809e3a03-91cb-4d44-a91d-360e71c9cc12']
Posto Cachoeira 03,2024-12-20,3192.09,Combustível,Motorista,,,,['15e6a2d5-8811-80ff-849d-d646e1ee6bd6'],['809e3a03-91cb-4d44-a91d-360e71c9cc12']
Diferença Chapa - Tinta,2024-12-16,130.0,Diversos,Motorista,,,,['1476a2d5-8811-8075-b76d-c927c431c511'],['809e3a03-91cb-4d44-a91d-360e71c9cc12']
Comissão  Mot,2024-12-16,600.0,Gorjeta,Motorista,,,,['1476a2d5-8811-8075-b76d-c927c431c511'],['809e3a03-91cb-4d44-a91d-360e71c9cc12']
Diarias 21 Dias,2024-12-16,1890.0,Diária,Motorista,,,,['1476a2d5-8811-8075-b76d-c927c431c511'],['809e3a03-91cb-4d44-a91d-360e71c9cc12']
Caxinha,2024-12-16,100.0,Gorjeta,Motorista,,,,['1476a2d5-8811-8075-b76d-c927c431c511'],['809e3a03-91cb-4d44-a91d-360e71c9cc12']
Strada/ Estadual,2024-12-16,50.0,Diversos,Motorista,,,,['1476a2d5-8811-8075-b76d-c927c431c511'],['809e3a03-91cb-4d44-a91d-360e71c9cc12']
Seguro / Hidrotintas,2024-12-16,57.0,Diversos,Motorista,,,,['1476a2d5-8811-8075-b76d-c927c431c511'],['809e3a03-91cb-4d44-a91d-360e71c9cc12']
Avaria,2024-12-16,23.7,Diversos,Motorista,,,,['1476a2d5-8811-8075-b76d-c927c431c511'],['809e3a03-91cb-4d44-a91d-360e71c9cc12']
Brilho Facil,2024-12-16,23.0,Manutenção,Motorista,,,,['1476a2d5-8811-8075-b76d-c927c431c511'],['809e3a03-91cb-4d44-a91d-360e71c9cc12']
Lubrificação,2024-12-16,40.0,Manutenção,Motorista,,,,['1476a2d5-8811-8075-b76d-c927c431c511'],['809e3a03-91cb-4d44-a91d-360e71c9cc12']
Borracharia / Strada- Trindade,2024-12-16,130.0,Borracharia,Motorista,,,,['1476a2d5-8811-8075-b76d-c927c431c511'],['809e3a03-91cb-4d44-a91d-360e71c9cc12']
lavagem Completa- polimento,2024-12-16,500.0,Lavagem,Motorista,,,,['1476a2d5-8811-8075-b76d-c927c431c511'],['809e3a03-91cb-4d44-a91d-360e71c9cc12']
Esta. / Fortaleza,2024-12-16,60.0,Estacionamento,Motorista,,,,['1476a2d5-8811-8075-b76d-c927c431c511'],['809e3a03-91cb-4d44-a91d-360e71c9cc12']
Posto São joão ,2024-12-16,63.0,Arla,Empresa,,,,['1476a2d5-8811-8075-b76d-c927c431c511'],['809e3a03-91cb-4d44-a91d-360e71c9cc12']
Posto São João ,2024-12-16,1430.03,Combustível,Empresa,,,,['1476a2d5-8811-8075-b76d-c927c431c511'],['809e3a03-91cb-4d44-a91d-360e71c9cc12']
posto Petrobem,2024-12-03,130.63,Arla,Motorista,,,,['1476a2d5-8811-8075-b76d-c927c431c511'],['809e3a03-91cb-4d44-a91d-360e71c9cc12']
Posto Reforço,2024-12-07,179.98,Arla,Motorista,,,,['1476a2d5-8811-8075-b76d-c927c431c511'],['809e3a03-91cb-4d44-a91d-360e71c9cc12']
Posto Vila Bella,2024-12-13,2904.44,Combustível,Motorista,,,,['1476a2d5-8811-8075-b76d-c927c431c511'],['809e3a03-91cb-4d44-a91d-360e71c9cc12']
Rede Mais,2024-12-08,3172.94,Combustível,Motorista,,,,['1476a2d5-8811-8075-b76d-c927c431c511'],['809e3a03-91cb-4d44-a91d-360e71c9cc12']
Posto Grall/Estiva,2024-12-05,2993.44,Combustível,Motorista,,,,['1476a2d5-8811-8075-b76d-c927c431c511'],['809e3a03-91cb-4d44-a91d-360e71c9cc12']
Posto Reforço,2024-10-30,179.98,Arla,Motorista,,,,['1476a2d5-8811-8075-b76d-c927c431c511'],['809e3a03-91cb-4d44-a91d-360e71c9cc12']
Posto Reforço,2024-10-30,1750.0,Combustível,Motorista,,,,['1476a2d5-8811-8075-b76d-c927c431c511'],['809e3a03-91cb-4d44-a91d-360e71c9cc12']
Posto Formigão,2024-12-06,125.49,Arla,Motorista,,,,['1476a2d5-8811-8075-b76d-c927c431c511'],['809e3a03-91cb-4d44-a91d-360e71c9cc12']
Posto Formigão,2024-12-06,1883.03,Combustível,Motorista,,,,['1476a2d5-8811-8075-b76d-c927c431c511'],['809e3a03-91cb-4d44-a91d-360e71c9cc12']
Posto Formigão,2024-12-01,2566.13,Combustível,Motorista,,,,['1476a2d5-8811-8075-b76d-c927c431c511'],['809e3a03-91cb-4d44-a91d-360e71c9cc12']
Posto Ygor ,2024-11-28,1282.02,Combustível,Motorista,,,,['1476a2d5-8811-8075-b76d-c927c431c511'],['809e3a03-91cb-4d44-a91d-360e71c9cc12']
Posto São João,2024-12-04,78.0,Arla,Empresa,,,,['1366a2d5-8811-800b-9e00-d6ee50a39bcb'],['97ad4755-71fa-4312-8b59-e86abdbc9cf3']
Posto São João,2024-12-04,1590.06,Combustível,Empresa,,,,['1366a2d5-8811-800b-9e00-d6ee50a39bcb'],['97ad4755-71fa-4312-8b59-e86abdbc9cf3']
Comissão Mot,2024-12-03,600.0,Comissão,Motorista,,,,['1366a2d5-8811-800b-9e00-d6ee50a39bcb'],['97ad4755-71fa-4312-8b59-e86abdbc9cf3']
Lona Muinho,2024-12-03,120.0,Diversos,Motorista,,,,['1366a2d5-8811-800b-9e00-d6ee50a39bcb'],['97ad4755-71fa-4312-8b59-e86abdbc9cf3']
Estacionamento,2024-12-03,27.0,Estacionamento,Motorista,,,,['1366a2d5-8811-800b-9e00-d6ee50a39bcb'],['97ad4755-71fa-4312-8b59-e86abdbc9cf3']
Imprimir Manifesto,2024-12-03,8.0,Diversos,Motorista,,,,['1366a2d5-8811-800b-9e00-d6ee50a39bcb'],['97ad4755-71fa-4312-8b59-e86abdbc9cf3']
Ajudante,2024-12-03,40.0,Diversos,Motorista,,,,['1366a2d5-8811-800b-9e00-d6ee50a39bcb'],['97ad4755-71fa-4312-8b59-e86abdbc9cf3']
Vulcanuzação,2024-12-03,120.0,Borracharia,Motorista,,,,['1366a2d5-8811-800b-9e00-d6ee50a39bcb'],['97ad4755-71fa-4312-8b59-e86abdbc9cf3']
Caxinha,2024-12-03,65.0,Gorjeta,Motorista,,,,['1366a2d5-8811-800b-9e00-d6ee50a39bcb'],['97ad4755-71fa-4312-8b59-e86abdbc9cf3']
Caxinha / Floresta/Carlos,2024-12-03,70.0,Gorjeta,Motorista,,,,['1366a2d5-8811-800b-9e00-d6ee50a39bcb'],['97ad4755-71fa-4312-8b59-e86abdbc9cf3']
Diaria 23 Dias,2024-11-29,2070.0,Gorjeta,Motorista,,,,['1366a2d5-8811-800b-9e00-d6ee50a39bcb'],['97ad4755-71fa-4312-8b59-e86abdbc9cf3']
Rede Mais,2024-11-29,150.0,Arla,Empresa,,,,['1366a2d5-8811-800b-9e00-d6ee50a39bcb'],['97ad4755-71fa-4312-8b59-e86abdbc9cf3']
Rede Mais,2024-11-29,3496.8,Combustível,Empresa,,,,['1366a2d5-8811-800b-9e00-d6ee50a39bcb'],['97ad4755-71fa-4312-8b59-e86abdbc9cf3']
Posto Alvares,2024-11-24,111.15,Arla,Empresa,,,,['1366a2d5-8811-800b-9e00-d6ee50a39bcb'],['97ad4755-71fa-4312-8b59-e86abdbc9cf3']
Posto Alvares,2024-11-24,2680.8,Combustível,Empresa,,,,['1366a2d5-8811-800b-9e00-d6ee50a39bcb'],['97ad4755-71fa-4312-8b59-e86abdbc9cf3']
Posto Estiva,2024-11-15,146.26,Arla,Empresa,,,,['1366a2d5-8811-800b-9e00-d6ee50a39bcb'],['97ad4755-71fa-4312-8b59-e86abdbc9cf3']
Posto Estiva,2024-11-19,3213.45,Combustível,Empresa,,,,['1366a2d5-8811-800b-9e00-d6ee50a39bcb'],['97ad4755-71fa-4312-8b59-e86abdbc9cf3']
Posto Dangelis,2024-11-14,98.28,Arla,Empresa,,,,['1366a2d5-8811-800b-9e00-d6ee50a39bcb'],['97ad4755-71fa-4312-8b59-e86abdbc9cf3']
Posto Dangelis,2024-11-14,2047.55,Combustível,Empresa,,,,['1366a2d5-8811-800b-9e00-d6ee50a39bcb'],['97ad4755-71fa-4312-8b59-e86abdbc9cf3']
Posto Dangelis,2024-11-20,97.83,Arla,Empresa,,,,['1366a2d5-8811-800b-9e00-d6ee50a39bcb'],['97ad4755-71fa-4312-8b59-e86abdbc9cf3']
Posto Dangelis,2024-11-20,1977.41,Combustível,Empresa,,,,['1366a2d5-8811-800b-9e00-d6ee50a39bcb'],['97ad4755-71fa-4312-8b59-e86abdbc9cf3']
Posto Andorinha,2024-11-21,107.84,Arla,Empresa,,,,['1366a2d5-8811-800b-9e00-d6ee50a39bcb'],['97ad4755-71fa-4312-8b59-e86abdbc9cf3']
Posto Andorinha,2024-11-21,1755.15,Combustível,Empresa,,,,['1366a2d5-8811-800b-9e00-d6ee50a39bcb'],['97ad4755-71fa-4312-8b59-e86abdbc9cf3']
Posto Andorinha,2024-11-13,157.24,Arla,Empresa,,,,['1366a2d5-8811-800b-9e00-d6ee50a39bcb'],['97ad4755-71fa-4312-8b59-e86abdbc9cf3']
Posto Andorinha,2024-11-13,2988.79,Combustível,Empresa,,,,['1366a2d5-8811-800b-9e00-d6ee50a39bcb'],['97ad4755-71fa-4312-8b59-e86abdbc9cf3']
Strada,2024-11-23,40.0,Diversos,Motorista,,,,['1366a2d5-8811-800f-9674-cef7a4068866'],['809e3a03-91cb-4d44-a91d-360e71c9cc12']
Comissão Mot,2024-11-23,600.0,Comissão,Motorista,,,,['1366a2d5-8811-800f-9674-cef7a4068866'],['809e3a03-91cb-4d44-a91d-360e71c9cc12']
Diaria 18 Dias,2024-11-23,1620.0,Diária,Motorista,,,,['1366a2d5-8811-800f-9674-cef7a4068866'],['809e3a03-91cb-4d44-a91d-360e71c9cc12']
Avaria / Atacadão,2024-11-23,31.17,Diversos,Motorista,,,,['1366a2d5-8811-800f-9674-cef7a4068866'],['809e3a03-91cb-4d44-a91d-360e71c9cc12']
Caxinha,2024-11-23,60.0,Gorjeta,Motorista,,,,['1366a2d5-8811-800f-9674-cef7a4068866'],['809e3a03-91cb-4d44-a91d-360e71c9cc12']
Brilho Facil/ alongador,2024-11-23,36.0,Manutenção,Motorista,,,,['1366a2d5-8811-800f-9674-cef7a4068866'],['809e3a03-91cb-4d44-a91d-360e71c9cc12']
Estacionamento/ Recife,2024-11-23,80.0,Estacionamento,Motorista,,,,['1366a2d5-8811-800f-9674-cef7a4068866'],['809e3a03-91cb-4d44-a91d-360e71c9cc12']
Regulagem Freio,2024-11-23,40.0,Manutenção,Motorista,,,,['1366a2d5-8811-800f-9674-cef7a4068866'],['809e3a03-91cb-4d44-a91d-360e71c9cc12']
Oficina / Tirante,2024-11-23,30.0,Manutenção,Motorista,,,,['1366a2d5-8811-800f-9674-cef7a4068866'],['809e3a03-91cb-4d44-a91d-360e71c9cc12']
Lava jato Ricardinho,2024-11-23,100.0,Lavagem,Motorista,,,,['1366a2d5-8811-800f-9674-cef7a4068866'],['809e3a03-91cb-4d44-a91d-360e71c9cc12']
Posto São João,2024-11-23,189.0,Arla,Empresa,,,,['1366a2d5-8811-800f-9674-cef7a4068866'],['809e3a03-91cb-4d44-a91d-360e71c9cc12']
Posto São João,2024-11-23,2896.03,Combustível,Empresa,,,,['1366a2d5-8811-800f-9674-cef7a4068866'],['809e3a03-91cb-4d44-a91d-360e71c9cc12']
Posto São João,2024-11-05,120.0,Arla,Empresa,,,,['1366a2d5-8811-800f-9674-cef7a4068866'],['809e3a03-91cb-4d44-a91d-360e71c9cc12']
Posto Cotegy ,2024-11-21,450.0,Combustível,Motorista,,,,['1366a2d5-8811-800f-9674-cef7a4068866'],['809e3a03-91cb-4d44-a91d-360e71c9cc12']
Posto Reforço / Pancard,2024-11-18,179.98,Arla,Motorista,,,,['1366a2d5-8811-800f-9674-cef7a4068866'],['809e3a03-91cb-4d44-a91d-360e71c9cc12']
Posto Reforço/ Pancard,2024-11-18,2076.4,Combustível,Motorista,,,,['1366a2d5-8811-800f-9674-cef7a4068866'],['809e3a03-91cb-4d44-a91d-360e71c9cc12']
Posto Grall / Pancard,2024-11-15,170.45,Arla,Motorista,,,,['1366a2d5-8811-800f-9674-cef7a4068866'],['809e3a03-91cb-4d44-a91d-360e71c9cc12']
Posto Grall / Pancard,2024-11-15,3612.97,Combustível,Motorista,,,,['1366a2d5-8811-800f-9674-cef7a4068866'],['809e3a03-91cb-4d44-a91d-360e71c9cc12']
Posto Formigão,2024-11-17,101.73,Arla,Motorista,,,,['1366a2d5-8811-800f-9674-cef7a4068866'],['809e3a03-91cb-4d44-a91d-360e71c9cc12']
Posto Formigão,2024-11-17,1962.81,Combustível,Motorista,,,,['1366a2d5-8811-800f-9674-cef7a4068866'],['809e3a03-91cb-4d44-a91d-360e71c9cc12']
Posto Formigão,2024-11-10,51.89,Arla,Motorista,,,,['1366a2d5-8811-800f-9674-cef7a4068866'],['809e3a03-91cb-4d44-a91d-360e71c9cc12']
Posto Formigão,2024-11-10,2511.2,Combustível,Motorista,,,,['1366a2d5-8811-800f-9674-cef7a4068866'],['809e3a03-91cb-4d44-a91d-360e71c9cc12']
Posto Reforço,2024-11-09,179.98,Arla,Motorista,,,,['1366a2d5-8811-800f-9674-cef7a4068866'],['809e3a03-91cb-4d44-a91d-360e71c9cc12']
Posto Reforço,2024-11-09,1725.75,Combustível,Motorista,,,,['1366a2d5-8811-800f-9674-cef7a4068866'],['809e3a03-91cb-4d44-a91d-360e71c9cc12']
Posto Ygor,2024-11-08,2798.03,Combustível,Motorista,,,,['1366a2d5-8811-800f-9674-cef7a4068866'],['809e3a03-91cb-4d44-a91d-360e71c9cc12']
Comissão Mot,2024-11-05,600.0,Comissão,Motorista,,,,['1226a2d5-8811-8042-b79b-cc1b26f14353'],['97ad4755-71fa-4312-8b59-e86abdbc9cf3']
Pedagio,2024-11-05,676.0,Pedágio,Motorista,,,,['1226a2d5-8811-8042-b79b-cc1b26f14353'],['97ad4755-71fa-4312-8b59-e86abdbc9cf3']
Caxinha Vigia,2024-11-05,10.0,Gorjeta,Motorista,,,,['1226a2d5-8811-8042-b79b-cc1b26f14353'],['97ad4755-71fa-4312-8b59-e86abdbc9cf3']
Caxinha Termaco/ Maceio,2024-11-05,20.0,Gorjeta,Motorista,,,,['1226a2d5-8811-8042-b79b-cc1b26f14353'],['97ad4755-71fa-4312-8b59-e86abdbc9cf3']
Caxinha Marata,2024-11-05,20.0,Gorjeta,Motorista,,,,['1226a2d5-8811-8042-b79b-cc1b26f14353'],['97ad4755-71fa-4312-8b59-e86abdbc9cf3']
Pincel,2024-11-05,3.0,Manutenção,Motorista,,,,['1226a2d5-8811-8042-b79b-cc1b26f14353'],['97ad4755-71fa-4312-8b59-e86abdbc9cf3']
Martelo,2024-11-05,15.0,Manutenção,Motorista,,,,['1226a2d5-8811-8042-b79b-cc1b26f14353'],['97ad4755-71fa-4312-8b59-e86abdbc9cf3']
Caxinha Gesso,2024-11-05,40.0,Gorjeta,Motorista,,,,['1226a2d5-8811-8042-b79b-cc1b26f14353'],['97ad4755-71fa-4312-8b59-e86abdbc9cf3']
Lavar Bau / Gesso,2024-11-05,80.0,Lavagem,Motorista,,,,['1226a2d5-8811-8042-b79b-cc1b26f14353'],['97ad4755-71fa-4312-8b59-e86abdbc9cf3']
Diaria 18 Dias,2024-11-05,1620.0,Diária,Motorista,,,,['1226a2d5-8811-8042-b79b-cc1b26f14353'],['97ad4755-71fa-4312-8b59-e86abdbc9cf3']
Posto São João,2024-11-05,93.0,Arla,Empresa,,,,['1226a2d5-8811-8042-b79b-cc1b26f14353'],['97ad4755-71fa-4312-8b59-e86abdbc9cf3']
Posto São João,2024-11-05,2200.0,Combustível,Empresa,,,,['1226a2d5-8811-8042-b79b-cc1b26f14353'],['97ad4755-71fa-4312-8b59-e86abdbc9cf3']
Posto Andorinhas,2024-11-02,194.32,Arla,Empresa,,,,['1226a2d5-8811-8042-b79b-cc1b26f14353'],['97ad4755-71fa-4312-8b59-e86abdbc9cf3']
Posto Andorinhas,2024-11-02,1715.38,Combustível,Empresa,,,,['1226a2d5-8811-8042-b79b-cc1b26f14353'],['97ad4755-71fa-4312-8b59-e86abdbc9cf3']
Posto D ´Angeles,2024-10-26,2192.13,Combustível,Empresa,,,,['1226a2d5-8811-8042-b79b-cc1b26f14353'],['97ad4755-71fa-4312-8b59-e86abdbc9cf3']
posto D ´Angeles,2024-10-31,119.69,Arla,Empresa,,,,['1226a2d5-8811-8042-b79b-cc1b26f14353'],['97ad4755-71fa-4312-8b59-e86abdbc9cf3']
Rodo Estiva,2024-10-31,2988.55,Combustível,Empresa,,,,['1226a2d5-8811-8042-b79b-cc1b26f14353'],['97ad4755-71fa-4312-8b59-e86abdbc9cf3']
Posto D Angeles,2024-11-01,1778.38,Combustível,Empresa,,,,['1226a2d5-8811-8042-b79b-cc1b26f14353'],['97ad4755-71fa-4312-8b59-e86abdbc9cf3']
Posto Andorinhas,2024-10-25,115.14,Arla,Empresa,,,,['1226a2d5-8811-8042-b79b-cc1b26f14353'],['97ad4755-71fa-4312-8b59-e86abdbc9cf3']
Posto Andorinhas,2024-10-25,1535.3,Combustível,Empresa,,,,['1226a2d5-8811-8042-b79b-cc1b26f14353'],['97ad4755-71fa-4312-8b59-e86abdbc9cf3']
Rede Mais,2024-10-24,135.95,Arla,Empresa,,,,['1226a2d5-8811-8042-b79b-cc1b26f14353'],['97ad4755-71fa-4312-8b59-e86abdbc9cf3']
Rede Mais,2024-10-24,2068.32,Combustível,Empresa,,,,['1226a2d5-8811-8042-b79b-cc1b26f14353'],['97ad4755-71fa-4312-8b59-e86abdbc9cf3']
Posto Arizona,2024-10-20,1248.0,Combustível,Empresa,,,,['1226a2d5-8811-8042-b79b-cc1b26f14353'],['97ad4755-71fa-4312-8b59-e86abdbc9cf3']
Comissão Mot,2024-11-05,1200.0,Comissão,Motorista,,,,['1216a2d5-8811-8016-a91c-deb35c276406'],['809e3a03-91cb-4d44-a91d-360e71c9cc12']
Diaria 31 Dias,2024-11-05,2790.0,Diária,Motorista,,,,['1216a2d5-8811-8016-a91c-deb35c276406'],['809e3a03-91cb-4d44-a91d-360e71c9cc12']
Manrik/ Mecânico,2024-11-05,250.0,Manutenção,Motorista,,,,['1216a2d5-8811-8016-a91c-deb35c276406'],['809e3a03-91cb-4d44-a91d-360e71c9cc12']
Susuarana,2024-11-05,40.0,Diversos,Motorista,,,,['1216a2d5-8811-8016-a91c-deb35c276406'],['809e3a03-91cb-4d44-a91d-360e71c9cc12']
Gorgeta Sal / Gesso,2024-11-05,120.0,Gorjeta,Motorista,,,,['1216a2d5-8811-8016-a91c-deb35c276406'],['809e3a03-91cb-4d44-a91d-360e71c9cc12']
Lona P Sal,2024-11-05,70.0,Diversos,Motorista,,,,['1216a2d5-8811-8016-a91c-deb35c276406'],['809e3a03-91cb-4d44-a91d-360e71c9cc12']
Comissão Sal,2024-11-05,250.0,Comissão,Motorista,,,,['1216a2d5-8811-8016-a91c-deb35c276406'],['809e3a03-91cb-4d44-a91d-360e71c9cc12']
Lavagem Completa,2024-11-05,400.0,Lavagem,Motorista,,,,['1216a2d5-8811-8016-a91c-deb35c276406'],['809e3a03-91cb-4d44-a91d-360e71c9cc12']
/lavagem 02 Sal / Gesso,2024-11-05,170.0,Lavagem,Motorista,,,,['1216a2d5-8811-8016-a91c-deb35c276406'],['809e3a03-91cb-4d44-a91d-360e71c9cc12']
Posto Itabaiana/ Diversos,2024-11-05,1294.41,Arla,Motorista,,,,['1216a2d5-8811-8016-a91c-deb35c276406'],['809e3a03-91cb-4d44-a91d-360e71c9cc12']
Posto São João,2024-11-05,180.0,Arla,Empresa,,,,['1216a2d5-8811-8016-a91c-deb35c276406'],['809e3a03-91cb-4d44-a91d-360e71c9cc12']
Posto São João,2024-11-05,3760.0,Combustível,Empresa,,,,['1216a2d5-8811-8016-a91c-deb35c276406'],['809e3a03-91cb-4d44-a91d-360e71c9cc12']
Posto J Macario 02,2024-11-03,400.0,Combustível,Motorista,,,,['1216a2d5-8811-8016-a91c-deb35c276406'],['809e3a03-91cb-4d44-a91d-360e71c9cc12']
Posto Formigão,2024-10-31,76.31,Arla,Motorista,,,,['1216a2d5-8811-8016-a91c-deb35c276406'],['809e3a03-91cb-4d44-a91d-360e71c9cc12']
Posto Formigão,2024-10-31,1661.76,Combustível,Motorista,,,,['1216a2d5-8811-8016-a91c-deb35c276406'],['809e3a03-91cb-4d44-a91d-360e71c9cc12']
Posto Grall,2024-10-30,3083.98,Combustível,Motorista,,,,['1216a2d5-8811-8016-a91c-deb35c276406'],['809e3a03-91cb-4d44-a91d-360e71c9cc12']
Posto Formigão,2024-10-22,48.19,Arla,Motorista,,,,['1216a2d5-8811-8016-a91c-deb35c276406'],['809e3a03-91cb-4d44-a91d-360e71c9cc12']
Posto Formigão,2024-10-22,2479.73,Combustível,Motorista,,,,['1216a2d5-8811-8016-a91c-deb35c276406'],['809e3a03-91cb-4d44-a91d-360e71c9cc12']
Posto Reforço,2024-10-21,2610.0,Combustível,Motorista,,,,['1216a2d5-8811-8016-a91c-deb35c276406'],['809e3a03-91cb-4d44-a91d-360e71c9cc12']
Posto Florestal,2024-10-19,3230.05,Combustível,Motorista,,,,['1216a2d5-8811-8016-a91c-deb35c276406'],['809e3a03-91cb-4d44-a91d-360e71c9cc12']
Posto Reforço,2024-10-15,1799.53,Combustível,Motorista,,,,['1216a2d5-8811-8016-a91c-deb35c276406'],['809e3a03-91cb-4d44-a91d-360e71c9cc12']
Posto Grall,2024-10-13,2867.82,Combustível,Motorista,,,,['1216a2d5-8811-8016-a91c-deb35c276406'],['809e3a03-91cb-4d44-a91d-360e71c9cc12']
Posto Reforço,2024-10-08,1598.74,Combustível,Motorista,,,,['1216a2d5-8811-8016-a91c-deb35c276406'],['809e3a03-91cb-4d44-a91d-360e71c9cc12']
Posto Igor,2024-10-07,1476.01,Combustível,Motorista,,,,['1216a2d5-8811-8016-a91c-deb35c276406'],['809e3a03-91cb-4d44-a91d-360e71c9cc12']
Posto Formigão,2024-10-10,2250.3,Combustível,Empresa,,,,['1216a2d5-8811-8016-a91c-deb35c276406'],['809e3a03-91cb-4d44-a91d-360e71c9cc12']
Posto Formigão,2024-10-14,1638.68,Combustível,Empresa,,,,['1216a2d5-8811-8016-a91c-deb35c276406'],['809e3a03-91cb-4d44-a91d-360e71c9cc12']
Posto São João ,2024-10-19,246.0,Arla,Empresa,,,,['10e6a2d5-8811-8021-93bf-e5dee6800ef7'],['97ad4755-71fa-4312-8b59-e86abdbc9cf3']
Posto São João,2024-10-19,2740.0,Combustível,Empresa,,,,['10e6a2d5-8811-8021-93bf-e5dee6800ef7'],['97ad4755-71fa-4312-8b59-e86abdbc9cf3']
Comissão Mot,2024-10-14,600.0,Comissão,Motorista,,,,['10e6a2d5-8811-8021-93bf-e5dee6800ef7'],['97ad4755-71fa-4312-8b59-e86abdbc9cf3']
Lubrificação,2024-10-14,80.0,Manutenção,Motorista,,,,['10e6a2d5-8811-8021-93bf-e5dee6800ef7'],['97ad4755-71fa-4312-8b59-e86abdbc9cf3']
Diaria 17 Dias,2024-10-14,1530.0,Diária,Motorista,,,,['10e6a2d5-8811-8021-93bf-e5dee6800ef7'],['97ad4755-71fa-4312-8b59-e86abdbc9cf3']
Pedagio,2024-10-14,1220.4,Pedágio,Motorista,,,,['10e6a2d5-8811-8021-93bf-e5dee6800ef7'],['97ad4755-71fa-4312-8b59-e86abdbc9cf3']
Sensor P Trazeira,2024-10-14,30.0,Manutenção,Motorista,,,,['10e6a2d5-8811-8021-93bf-e5dee6800ef7'],['97ad4755-71fa-4312-8b59-e86abdbc9cf3']
Limpeza Baú,2024-10-14,70.0,Diversos,Motorista,,,,['10e6a2d5-8811-8021-93bf-e5dee6800ef7'],['97ad4755-71fa-4312-8b59-e86abdbc9cf3']
Polimento Tanque,2024-10-14,250.0,Manutenção,Motorista,,,,['10e6a2d5-8811-8021-93bf-e5dee6800ef7'],['97ad4755-71fa-4312-8b59-e86abdbc9cf3']
Ajudante,2024-10-14,100.0,Diversos,Motorista,,,,['10e6a2d5-8811-8021-93bf-e5dee6800ef7'],['97ad4755-71fa-4312-8b59-e86abdbc9cf3']
caxinha Muinho/ Total,2024-10-14,170.0,Gorjeta,Motorista,,,,['10e6a2d5-8811-8021-93bf-e5dee6800ef7'],['97ad4755-71fa-4312-8b59-e86abdbc9cf3']
Lavagem,2024-10-14,100.0,Lavagem,Motorista,,,,['10e6a2d5-8811-8021-93bf-e5dee6800ef7'],['97ad4755-71fa-4312-8b59-e86abdbc9cf3']
Posto Sobral & Filhos,2024-10-12,2822.7,Combustível,Empresa,,,,['10e6a2d5-8811-8021-93bf-e5dee6800ef7'],['97ad4755-71fa-4312-8b59-e86abdbc9cf3']
Posto Aliança,2024-10-10,154.68,Arla,Empresa,,,,['10e6a2d5-8811-8021-93bf-e5dee6800ef7'],['97ad4755-71fa-4312-8b59-e86abdbc9cf3']
Posto Aliança,2024-10-10,3310.03,Combustível,Empresa,,,,['10e6a2d5-8811-8021-93bf-e5dee6800ef7'],['97ad4755-71fa-4312-8b59-e86abdbc9cf3']
Posto Moc,2024-10-05,119.55,Arla,Empresa,,,,['10e6a2d5-8811-8021-93bf-e5dee6800ef7'],['97ad4755-71fa-4312-8b59-e86abdbc9cf3']
Posto Moc,2024-10-05,2113.36,Combustível,Empresa,,,,['10e6a2d5-8811-8021-93bf-e5dee6800ef7'],['97ad4755-71fa-4312-8b59-e86abdbc9cf3']
Posto Cachoeira,2024-10-01,248.2,Arla,Empresa,,,,['10e6a2d5-8811-8021-93bf-e5dee6800ef7'],['97ad4755-71fa-4312-8b59-e86abdbc9cf3']
Posto Andorinha,2024-10-04,175.39,Arla,Empresa,,,,['10e6a2d5-8811-8021-93bf-e5dee6800ef7'],['97ad4755-71fa-4312-8b59-e86abdbc9cf3']
Posto Andorinha,2024-10-04,3246.82,Combustível,Empresa,,,,['10e6a2d5-8811-8021-93bf-e5dee6800ef7'],['97ad4755-71fa-4312-8b59-e86abdbc9cf3']
Posto Cachoeira ,2024-10-01,2370.81,Combustível,Empresa,,,,['10e6a2d5-8811-8021-93bf-e5dee6800ef7'],['97ad4755-71fa-4312-8b59-e86abdbc9cf3']
Posto Cachoeira,2024-09-22,170.34,Arla,Empresa,,,,['10e6a2d5-8811-8076-84b7-fe51a17d0aa2'],['97ad4755-71fa-4312-8b59-e86abdbc9cf3']
Posto São João ,2024-10-03,144.0,Arla,Empresa,,,,['10c6a2d5-8811-8039-abc2-c3cd95d62557'],['809e3a03-91cb-4d44-a91d-360e71c9cc12']
Posto São João ,2024-10-03,3018.08,Combustível,Empresa,,,,['10c6a2d5-8811-8039-abc2-c3cd95d62557'],['809e3a03-91cb-4d44-a91d-360e71c9cc12']
Gorjeta gesso e Maratá ,2024-09-30,60.0,Gorjeta,Motorista,,,,['10c6a2d5-8811-8039-abc2-c3cd95d62557'],['809e3a03-91cb-4d44-a91d-360e71c9cc12']
Comissão,2024-09-30,600.0,Comissão,Motorista,,,,['10c6a2d5-8811-8039-abc2-c3cd95d62557'],['809e3a03-91cb-4d44-a91d-360e71c9cc12']
Diárias 14 Dias,2024-09-30,1260.0,Diária,Motorista,,,,['10c6a2d5-8811-8039-abc2-c3cd95d62557'],['809e3a03-91cb-4d44-a91d-360e71c9cc12']
Posto Formigão ,2024-09-28,95.54,Arla,Empresa,,,,['10c6a2d5-8811-8039-abc2-c3cd95d62557'],['809e3a03-91cb-4d44-a91d-360e71c9cc12']
Posto Formigão ,2024-09-28,1781.57,Combustível,Empresa,,,,['10c6a2d5-8811-8039-abc2-c3cd95d62557'],['809e3a03-91cb-4d44-a91d-360e71c9cc12']
Posto Graal,2024-09-27,138.75,Arla,Empresa,,,,['10c6a2d5-8811-8039-abc2-c3cd95d62557'],['809e3a03-91cb-4d44-a91d-360e71c9cc12']
Posto Graal ,2024-09-27,3049.89,Combustível,Empresa,,,,['10c6a2d5-8811-8039-abc2-c3cd95d62557'],['809e3a03-91cb-4d44-a91d-360e71c9cc12']
Comissão / Farinha,2024-09-27,200.0,Comissão,Empresa,,,,['10e6a2d5-8811-8076-84b7-fe51a17d0aa2'],['97ad4755-71fa-4312-8b59-e86abdbc9cf3']
Comissão Mot ,2024-09-27,300.0,Diária,Motorista,,,,['10e6a2d5-8811-8076-84b7-fe51a17d0aa2'],['97ad4755-71fa-4312-8b59-e86abdbc9cf3']
Estadia Em lagarto 04 Dias,2024-09-27,152.0,Diária,Motorista,,,,['10e6a2d5-8811-8076-84b7-fe51a17d0aa2'],['97ad4755-71fa-4312-8b59-e86abdbc9cf3']
Posto Convel,2024-09-27,2380.0,Combustível,Empresa,,,,['10e6a2d5-8811-8076-84b7-fe51a17d0aa2'],['97ad4755-71fa-4312-8b59-e86abdbc9cf3']
Descarga Farinha,2024-09-24,800.0,Gorjeta,Motorista,,,,['10e6a2d5-8811-8076-84b7-fe51a17d0aa2'],['97ad4755-71fa-4312-8b59-e86abdbc9cf3']
Caxinha,2024-09-24,150.0,Gorjeta,Motorista,,,,['10e6a2d5-8811-8076-84b7-fe51a17d0aa2'],['97ad4755-71fa-4312-8b59-e86abdbc9cf3']
Diarias 11 Dias,2024-09-24,990.0,Diária,Motorista,,,,['10e6a2d5-8811-8076-84b7-fe51a17d0aa2'],['97ad4755-71fa-4312-8b59-e86abdbc9cf3']
Posto Cacheira,2024-09-22,3004.24,Combustível,Empresa,,,,['10e6a2d5-8811-8076-84b7-fe51a17d0aa2'],['97ad4755-71fa-4312-8b59-e86abdbc9cf3']
Lavagem interna baú ,2024-09-24,80.0,Lavagem,Motorista,,,,['10c6a2d5-8811-8039-abc2-c3cd95d62557'],['809e3a03-91cb-4d44-a91d-360e71c9cc12']
Meia lavagem ,2024-09-20,130.0,Lavagem,Motorista,,,,['10c6a2d5-8811-8039-abc2-c3cd95d62557'],['809e3a03-91cb-4d44-a91d-360e71c9cc12']
Alinhamento e Reaperto,2024-09-22,210.0,Manutenção,Motorista,,,,['10c6a2d5-8811-8039-abc2-c3cd95d62557'],['809e3a03-91cb-4d44-a91d-360e71c9cc12']
Estacionamento Jenipapo ,2024-09-22,40.0,Estacionamento,Motorista,,,,['10c6a2d5-8811-8039-abc2-c3cd95d62557'],['809e3a03-91cb-4d44-a91d-360e71c9cc12']
Posto Formigão ,2024-09-23,1540.59,Combustível,Empresa,,,,['10c6a2d5-8811-8039-abc2-c3cd95d62557'],['809e3a03-91cb-4d44-a91d-360e71c9cc12']
Posto Reforço ,2024-09-21,269.97,Arla,Motorista,,,,['10c6a2d5-8811-8039-abc2-c3cd95d62557'],['809e3a03-91cb-4d44-a91d-360e71c9cc12']
Posto Reforço ,2024-09-22,2402.64,Combustível,Empresa,,,,['10c6a2d5-8811-8039-abc2-c3cd95d62557'],['809e3a03-91cb-4d44-a91d-360e71c9cc12']
Posto Arizona ,2024-09-18,80.0,Arla,Motorista,,,,['10c6a2d5-8811-8039-abc2-c3cd95d62557'],['809e3a03-91cb-4d44-a91d-360e71c9cc12']
Posto Ygor ,2024-09-20,3364.0,Combustível,Empresa,,,,['10c6a2d5-8811-8039-abc2-c3cd95d62557'],['809e3a03-91cb-4d44-a91d-360e71c9cc12']
Posto São João ,2024-09-14,231.0,Arla,Empresa,,,,['1056a2d5-8811-8034-9108-e22eca7aaf29'],['97ad4755-71fa-4312-8b59-e86abdbc9cf3']
Posto São João,2024-09-14,2800.04,Combustível,Empresa,,,,['1056a2d5-8811-8034-9108-e22eca7aaf29'],['97ad4755-71fa-4312-8b59-e86abdbc9cf3']
Posto Capitão Casa,2024-08-20,115.0,Arla,Motorista,,,,['1056a2d5-8811-8034-9108-e22eca7aaf29'],['97ad4755-71fa-4312-8b59-e86abdbc9cf3']
Posto Capitão Casa,2024-08-20,599.0,Combustível,Motorista,,,,['1056a2d5-8811-8034-9108-e22eca7aaf29'],['97ad4755-71fa-4312-8b59-e86abdbc9cf3']
Posto Cristo Rei,2024-08-27,2438.02,Combustível,Empresa,,,,['1056a2d5-8811-8034-9108-e22eca7aaf29'],['97ad4755-71fa-4312-8b59-e86abdbc9cf3']
Sobral Combustiveis,2024-08-26,103.23,Arla,Empresa,,,,['1056a2d5-8811-8034-9108-e22eca7aaf29'],['97ad4755-71fa-4312-8b59-e86abdbc9cf3']
Sobral Combustiveis,2024-08-26,1998.65,Combustível,Empresa,,,,['1056a2d5-8811-8034-9108-e22eca7aaf29'],['97ad4755-71fa-4312-8b59-e86abdbc9cf3']
Posto KM,2024-08-25,136.56,Arla,Empresa,,,,['1056a2d5-8811-8034-9108-e22eca7aaf29'],['97ad4755-71fa-4312-8b59-e86abdbc9cf3']
Posto KM ,2024-08-25,2616.79,Combustível,Empresa,,,,['1056a2d5-8811-8034-9108-e22eca7aaf29'],['97ad4755-71fa-4312-8b59-e86abdbc9cf3']
Rede Monte Carlos,2024-08-24,172.0,Arla,Empresa,,,,['1056a2d5-8811-8034-9108-e22eca7aaf29'],['97ad4755-71fa-4312-8b59-e86abdbc9cf3']
Rede Monte Carlo,2024-08-24,3285.63,Combustível,Empresa,,,,['1056a2d5-8811-8034-9108-e22eca7aaf29'],['97ad4755-71fa-4312-8b59-e86abdbc9cf3']
Sim Rede de Postos,2024-08-20,243.65,Arla,Empresa,,,,['1056a2d5-8811-8034-9108-e22eca7aaf29'],['97ad4755-71fa-4312-8b59-e86abdbc9cf3']
Sim Rede de Postos,2024-08-20,4126.18,Combustível,Empresa,,,,['1056a2d5-8811-8034-9108-e22eca7aaf29'],['97ad4755-71fa-4312-8b59-e86abdbc9cf3']
Pedagio Vacaria,2024-09-04,94.6,Pedágio,Motorista,,,,['1056a2d5-8811-8034-9108-e22eca7aaf29'],['97ad4755-71fa-4312-8b59-e86abdbc9cf3']
Comissão Mot,2024-09-04,600.0,Comissão,Motorista,,,,['1056a2d5-8811-8034-9108-e22eca7aaf29'],['97ad4755-71fa-4312-8b59-e86abdbc9cf3']
Diarias 20 Dias,2024-09-04,1800.0,Diária,Motorista,,,,['1056a2d5-8811-8034-9108-e22eca7aaf29'],['97ad4755-71fa-4312-8b59-e86abdbc9cf3']
Cordas,2024-09-04,162.5,Diversos,Motorista,,,,['1056a2d5-8811-8034-9108-e22eca7aaf29'],['97ad4755-71fa-4312-8b59-e86abdbc9cf3']
Cintas,2024-09-04,255.0,Diversos,Motorista,,,,['1056a2d5-8811-8034-9108-e22eca7aaf29'],['97ad4755-71fa-4312-8b59-e86abdbc9cf3']
Ajudante,2024-09-04,100.0,Diversos,Motorista,,,,['1056a2d5-8811-8034-9108-e22eca7aaf29'],['97ad4755-71fa-4312-8b59-e86abdbc9cf3']
Uber,2024-09-04,72.0,Diversos,Motorista,,,,['1056a2d5-8811-8034-9108-e22eca7aaf29'],['97ad4755-71fa-4312-8b59-e86abdbc9cf3']
Engate Rapido,2024-09-04,115.5,Manutenção,Motorista,,,,['1056a2d5-8811-8034-9108-e22eca7aaf29'],['97ad4755-71fa-4312-8b59-e86abdbc9cf3']
Estacionamento,2024-09-04,20.0,Estacionamento,Motorista,,,,['1056a2d5-8811-8034-9108-e22eca7aaf29'],['97ad4755-71fa-4312-8b59-e86abdbc9cf3']
Cadeado,2024-09-04,53.8,Diversos,Motorista,,,,['1056a2d5-8811-8034-9108-e22eca7aaf29'],['97ad4755-71fa-4312-8b59-e86abdbc9cf3']
Borracharia Tucano,2024-09-04,30.0,Manutenção,Motorista,,,,['1056a2d5-8811-8034-9108-e22eca7aaf29'],['97ad4755-71fa-4312-8b59-e86abdbc9cf3']
Borracharia / Chapecô,2024-09-04,70.0,Manutenção,Motorista,,,,['1056a2d5-8811-8034-9108-e22eca7aaf29'],['97ad4755-71fa-4312-8b59-e86abdbc9cf3']
Pedagio,2024-09-04,1401.7,Pedágio,Motorista,,,,['1056a2d5-8811-8034-9108-e22eca7aaf29'],['97ad4755-71fa-4312-8b59-e86abdbc9cf3']
Posto São João ,2024-09-14,147.0,Arla,Empresa,,,,['6e07bb3d-8608-468a-950a-d21a33765063'],['809e3a03-91cb-4d44-a91d-360e71c9cc12']
Posto São João ,2024-09-14,3932.01,Combustível,Empresa,,,,['6e07bb3d-8608-468a-950a-d21a33765063'],['809e3a03-91cb-4d44-a91d-360e71c9cc12']
Caxinha,2024-09-12,60.0,Gorjeta,Motorista,,,,['6e07bb3d-8608-468a-950a-d21a33765063'],['809e3a03-91cb-4d44-a91d-360e71c9cc12']
Impressão de manifesto ,2024-09-12,8.0,Diversos,Motorista,,,,['6e07bb3d-8608-468a-950a-d21a33765063'],['809e3a03-91cb-4d44-a91d-360e71c9cc12']
Diárias 13 dias ,2024-09-12,1170.0,Diária,Motorista,,,,['6e07bb3d-8608-468a-950a-d21a33765063'],['809e3a03-91cb-4d44-a91d-360e71c9cc12']
Comissão motorista ,2024-09-12,600.0,Comissão,Motorista,,,,['6e07bb3d-8608-468a-950a-d21a33765063'],['809e3a03-91cb-4d44-a91d-360e71c9cc12']
Posto HG ,2024-09-10,189.8,Arla,Motorista,,,,['6e07bb3d-8608-468a-950a-d21a33765063'],['809e3a03-91cb-4d44-a91d-360e71c9cc12']
Lavagem interna baú ,2024-09-06,130.0,Lavagem,Motorista,,,,['6e07bb3d-8608-468a-950a-d21a33765063'],['809e3a03-91cb-4d44-a91d-360e71c9cc12']
Posto Graal,2024-09-08,55.8,Arla,Motorista,,,,['6e07bb3d-8608-468a-950a-d21a33765063'],['809e3a03-91cb-4d44-a91d-360e71c9cc12']
Posto Graal ,2024-09-08,2732.0,Combustível,Motorista,,,,['6e07bb3d-8608-468a-950a-d21a33765063'],['809e3a03-91cb-4d44-a91d-360e71c9cc12']
Posto Formigão ,2024-09-09,1546.36,Combustível,Empresa,,,,['6e07bb3d-8608-468a-950a-d21a33765063'],['809e3a03-91cb-4d44-a91d-360e71c9cc12']
Posto Ygor ,2024-09-03,2960.01,Combustível,Empresa,,,,['6e07bb3d-8608-468a-950a-d21a33765063'],['809e3a03-91cb-4d44-a91d-360e71c9cc12']
Posto Frei Damião ,2024-09-05,200.0,Arla,Motorista,,,,['6e07bb3d-8608-468a-950a-d21a33765063'],['809e3a03-91cb-4d44-a91d-360e71c9cc12']
Posto Formigão ,2024-09-05,1425.19,Combustível,Empresa,,,,['6e07bb3d-8608-468a-950a-d21a33765063'],['809e3a03-91cb-4d44-a91d-360e71c9cc12']
Posto Frei Damião ,2024-09-04,300.0,Arla,Empresa,,,,['6e07bb3d-8608-468a-950a-d21a33765063'],['809e3a03-91cb-4d44-a91d-360e71c9cc12']
Posto Frei Damião ,2024-09-04,2474.01,Combustível,Empresa,,,,['6e07bb3d-8608-468a-950a-d21a33765063'],['809e3a03-91cb-4d44-a91d-360e71c9cc12']
Mundo do Lubrificante,2024-08-29,152.0,Arla,Motorista,,,,['b27b0041-b3f3-430f-8faf-320d051b0ce6'],['809e3a03-91cb-4d44-a91d-360e71c9cc12']
Mundo dos lubrificantes,2024-08-29,152.0,Arla,Motorista,,,,['6e07bb3d-8608-468a-950a-d21a33765063'],['809e3a03-91cb-4d44-a91d-360e71c9cc12']
Posto São João ,2024-08-29,4054.02,Combustível,Empresa,,,,['b27b0041-b3f3-430f-8faf-320d051b0ce6'],['809e3a03-91cb-4d44-a91d-360e71c9cc12']
Alirio / Comissão,2024-08-27,200.0,Comissão,Motorista,,,,['b27b0041-b3f3-430f-8faf-320d051b0ce6'],['809e3a03-91cb-4d44-a91d-360e71c9cc12']
Caixinha,2024-08-27,100.0,Gorjeta,Motorista,,,,['b27b0041-b3f3-430f-8faf-320d051b0ce6'],['809e3a03-91cb-4d44-a91d-360e71c9cc12']
Comissão viagem,2024-08-27,600.0,Comissão,Motorista,,,,['b27b0041-b3f3-430f-8faf-320d051b0ce6'],['809e3a03-91cb-4d44-a91d-360e71c9cc12']
Diárias 21 D.,2024-08-27,1680.0,Diária,Motorista,,,,['b27b0041-b3f3-430f-8faf-320d051b0ce6'],['809e3a03-91cb-4d44-a91d-360e71c9cc12']
Posto Reforço ,2024-08-26,58.38,Arla,Motorista,,,,['b27b0041-b3f3-430f-8faf-320d051b0ce6'],['809e3a03-91cb-4d44-a91d-360e71c9cc12']
Posto Formigão ,2024-08-24,1675.55,Combustível,Empresa,,,,['b27b0041-b3f3-430f-8faf-320d051b0ce6'],['809e3a03-91cb-4d44-a91d-360e71c9cc12']
Posto Graal,2024-08-23,133.98,Arla,Empresa,,,,['b27b0041-b3f3-430f-8faf-320d051b0ce6'],['809e3a03-91cb-4d44-a91d-360e71c9cc12']
Posto Graal,2024-08-23,3089.67,Combustível,Empresa,,,,['b27b0041-b3f3-430f-8faf-320d051b0ce6'],['809e3a03-91cb-4d44-a91d-360e71c9cc12']
Lavagem rodas P. Ygor,2024-08-16,50.0,Lavagem,Motorista,,,,['b27b0041-b3f3-430f-8faf-320d051b0ce6'],['809e3a03-91cb-4d44-a91d-360e71c9cc12']
Lavagem interna ,2024-08-20,70.0,Lavagem,Motorista,,,,['b27b0041-b3f3-430f-8faf-320d051b0ce6'],['809e3a03-91cb-4d44-a91d-360e71c9cc12']
Pretinho/Brilho Fácil ,2024-08-19,19.78,Diversos,Motorista,,,,['b27b0041-b3f3-430f-8faf-320d051b0ce6'],['809e3a03-91cb-4d44-a91d-360e71c9cc12']
Lubrificação P. Ygor,2024-08-16,40.0,Diversos,Motorista,,,,['b27b0041-b3f3-430f-8faf-320d051b0ce6'],['809e3a03-91cb-4d44-a91d-360e71c9cc12']
Vulcanização P.Formigão ,2024-08-19,130.0,Borracharia,Motorista,,,,['b27b0041-b3f3-430f-8faf-320d051b0ce6'],['809e3a03-91cb-4d44-a91d-360e71c9cc12']
Posto Formigão ,2024-08-18,89.98,Arla,Empresa,,,,['b27b0041-b3f3-430f-8faf-320d051b0ce6'],['809e3a03-91cb-4d44-a91d-360e71c9cc12']
Posto Formigão ,2024-08-18,2227.22,Combustível,Empresa,,,,['b27b0041-b3f3-430f-8faf-320d051b0ce6'],['809e3a03-91cb-4d44-a91d-360e71c9cc12']
Posto Andorinha ,2024-08-17,90.0,Arla,Empresa,,,,['b27b0041-b3f3-430f-8faf-320d051b0ce6'],['809e3a03-91cb-4d44-a91d-360e71c9cc12']
Posto Andorinha ,2024-08-17,2097.78,Combustível,Empresa,,,,['b27b0041-b3f3-430f-8faf-320d051b0ce6'],['809e3a03-91cb-4d44-a91d-360e71c9cc12']
Posto Ygor,2024-08-15,2827.0,Combustível,Motorista,,,,['b27b0041-b3f3-430f-8faf-320d051b0ce6'],['809e3a03-91cb-4d44-a91d-360e71c9cc12']
Posto Corujão ,2024-08-14,164.73,Arla,Motorista,,,,['b27b0041-b3f3-430f-8faf-320d051b0ce6'],['809e3a03-91cb-4d44-a91d-360e71c9cc12']
Posto Corujão ,2024-08-14,1000.0,Combustível,Motorista,,,,['b27b0041-b3f3-430f-8faf-320d051b0ce6'],['809e3a03-91cb-4d44-a91d-360e71c9cc12']
Estacionamento São Cristóvão ,2024-08-12,120.0,Estacionamento,Motorista,,,,['b27b0041-b3f3-430f-8faf-320d051b0ce6'],['809e3a03-91cb-4d44-a91d-360e71c9cc12']
Posto São Cristóvão ,2024-08-12,958.8,Combustível,Motorista,,,,['b27b0041-b3f3-430f-8faf-320d051b0ce6'],['809e3a03-91cb-4d44-a91d-360e71c9cc12']
Posto São joão,2024-08-05,90.0,Arla,Empresa,,,,['8187425d-cc2a-4d98-b0cd-2d0cd8ba8d6a'],['809e3a03-91cb-4d44-a91d-360e71c9cc12']
posto São joão,2024-08-05,3375.02,Combustível,Empresa,,,,['8187425d-cc2a-4d98-b0cd-2d0cd8ba8d6a'],['809e3a03-91cb-4d44-a91d-360e71c9cc12']
Reparo do baú ,2024-08-06,40.0,Diversos,Motorista,,,,['8187425d-cc2a-4d98-b0cd-2d0cd8ba8d6a'],['809e3a03-91cb-4d44-a91d-360e71c9cc12']
Envio de canhoto ,2024-08-06,74.11,Diversos,Motorista,,,,['8187425d-cc2a-4d98-b0cd-2d0cd8ba8d6a'],['809e3a03-91cb-4d44-a91d-360e71c9cc12']
Lavagem interna baú ,2024-08-05,60.0,Lavagem,Motorista,,,,['8187425d-cc2a-4d98-b0cd-2d0cd8ba8d6a'],['809e3a03-91cb-4d44-a91d-360e71c9cc12']
Comissão  mot,2024-08-04,660.0,Comissão,Motorista,,,,['8187425d-cc2a-4d98-b0cd-2d0cd8ba8d6a'],['809e3a03-91cb-4d44-a91d-360e71c9cc12']
Diárias 17 dias,2024-08-04,1190.0,Diária,Motorista,,,,['8187425d-cc2a-4d98-b0cd-2d0cd8ba8d6a'],['809e3a03-91cb-4d44-a91d-360e71c9cc12']
Gorjeta Moinho/serraria/cliente ,2024-08-04,120.0,Gorjeta,Motorista,,,,['8187425d-cc2a-4d98-b0cd-2d0cd8ba8d6a'],['809e3a03-91cb-4d44-a91d-360e71c9cc12']
Lavagem completa brejinho ,2024-08-01,470.0,Lavagem,Motorista,,,,['8187425d-cc2a-4d98-b0cd-2d0cd8ba8d6a'],['809e3a03-91cb-4d44-a91d-360e71c9cc12']
Meia lavagem P.Forte,2024-07-20,120.0,Lavagem,Motorista,,,,['8187425d-cc2a-4d98-b0cd-2d0cd8ba8d6a'],['809e3a03-91cb-4d44-a91d-360e71c9cc12']
Dedetização ,2024-07-24,50.0,Diversos,Motorista,,,,['8187425d-cc2a-4d98-b0cd-2d0cd8ba8d6a'],['809e3a03-91cb-4d44-a91d-360e71c9cc12']
Lona moinho,2024-07-24,150.0,Diversos,Motorista,,,,['8187425d-cc2a-4d98-b0cd-2d0cd8ba8d6a'],['809e3a03-91cb-4d44-a91d-360e71c9cc12']
Fiscal Gurupi ,2024-08-01,200.0,Diversos,Motorista,,,,['8187425d-cc2a-4d98-b0cd-2d0cd8ba8d6a'],['809e3a03-91cb-4d44-a91d-360e71c9cc12']
Imposto ICMS ,2024-08-02,22.6,Diversos,Motorista,,,,['8187425d-cc2a-4d98-b0cd-2d0cd8ba8d6a'],['809e3a03-91cb-4d44-a91d-360e71c9cc12']
Vulcanização/rodízio ,2024-07-29,150.0,Borracharia,Motorista,,,,['8187425d-cc2a-4d98-b0cd-2d0cd8ba8d6a'],['809e3a03-91cb-4d44-a91d-360e71c9cc12']
Cheiro cabine,2024-07-26,35.0,Diversos,Motorista,,,,['8187425d-cc2a-4d98-b0cd-2d0cd8ba8d6a'],['809e3a03-91cb-4d44-a91d-360e71c9cc12']
Estacionamentos,2024-07-21,100.0,Estacionamento,Motorista,,,,['8187425d-cc2a-4d98-b0cd-2d0cd8ba8d6a'],['809e3a03-91cb-4d44-a91d-360e71c9cc12']
Posto Arizona ,2024-08-03,140.0,Arla,Empresa,,,,['8187425d-cc2a-4d98-b0cd-2d0cd8ba8d6a'],['809e3a03-91cb-4d44-a91d-360e71c9cc12']
Posto Arizona,2024-08-03,1000.0,Combustível,Empresa,,,,['8187425d-cc2a-4d98-b0cd-2d0cd8ba8d6a'],['809e3a03-91cb-4d44-a91d-360e71c9cc12']
Posto Belém ,2024-08-02,184.12,Arla,Empresa,,,,['8187425d-cc2a-4d98-b0cd-2d0cd8ba8d6a'],['809e3a03-91cb-4d44-a91d-360e71c9cc12']
Posto Belém ,2024-08-02,3815.02,Combustível,Empresa,,,,['8187425d-cc2a-4d98-b0cd-2d0cd8ba8d6a'],['809e3a03-91cb-4d44-a91d-360e71c9cc12']
Posto Belém ,2024-07-26,85.63,Arla,Empresa,,,,['8187425d-cc2a-4d98-b0cd-2d0cd8ba8d6a'],['809e3a03-91cb-4d44-a91d-360e71c9cc12']
Posto Belém ,2024-07-26,1717.66,Combustível,Empresa,,,,['8187425d-cc2a-4d98-b0cd-2d0cd8ba8d6a'],['809e3a03-91cb-4d44-a91d-360e71c9cc12']
Posto Itapajé ,2024-07-25,131.65,Arla,Empresa,,,,['8187425d-cc2a-4d98-b0cd-2d0cd8ba8d6a'],['809e3a03-91cb-4d44-a91d-360e71c9cc12']
Posto Itapajé ,2024-07-25,2958.8,Combustível,Empresa,,,,['8187425d-cc2a-4d98-b0cd-2d0cd8ba8d6a'],['809e3a03-91cb-4d44-a91d-360e71c9cc12']
Posto São João,2024-07-18,54.0,Arla,Empresa,,,,['a6ba89fe-03d3-4667-ad00-9471777096be'],['809e3a03-91cb-4d44-a91d-360e71c9cc12']
Posto São João,2024-07-18,1300.0,Combustível,Empresa,,,,['a6ba89fe-03d3-4667-ad00-9471777096be'],['809e3a03-91cb-4d44-a91d-360e71c9cc12']
Comissão Mot ,2024-07-11,1200.0,Comissão,Motorista,,,,['a6ba89fe-03d3-4667-ad00-9471777096be'],['809e3a03-91cb-4d44-a91d-360e71c9cc12']
Descarga Minas,2024-07-06,1200.0,Descarregamento,Motorista,,,,['a6ba89fe-03d3-4667-ad00-9471777096be'],['809e3a03-91cb-4d44-a91d-360e71c9cc12']
Diárias 30 Dias,2024-07-11,2400.0,Diária,Motorista,,,,['a6ba89fe-03d3-4667-ad00-9471777096be'],['809e3a03-91cb-4d44-a91d-360e71c9cc12']
Posto Andorinha ,2024-07-10,113.97,Arla,Motorista,,,,['a6ba89fe-03d3-4667-ad00-9471777096be'],['809e3a03-91cb-4d44-a91d-360e71c9cc12']
Posto Andorinha ,2024-07-10,1983.33,Combustível,Motorista,,,,['a6ba89fe-03d3-4667-ad00-9471777096be'],['809e3a03-91cb-4d44-a91d-360e71c9cc12']
Posto Formigao ,2024-07-10,88.48,Arla,Motorista,,,,['a6ba89fe-03d3-4667-ad00-9471777096be'],['809e3a03-91cb-4d44-a91d-360e71c9cc12']
Posto Formigao ,2024-07-10,1957.36,Combustível,Motorista,,,,['a6ba89fe-03d3-4667-ad00-9471777096be'],['809e3a03-91cb-4d44-a91d-360e71c9cc12']
Posto Grall,2024-07-09,154.18,Arla,Motorista,,,,['a6ba89fe-03d3-4667-ad00-9471777096be'],['809e3a03-91cb-4d44-a91d-360e71c9cc12']
Posto Grall,2024-07-09,3666.0,Combustível,Motorista,,,,['a6ba89fe-03d3-4667-ad00-9471777096be'],['809e3a03-91cb-4d44-a91d-360e71c9cc12']
Gorjeta Sal 2/Maratá/Termaco,2024-07-08,120.0,Gorjeta,Motorista,,,,['a6ba89fe-03d3-4667-ad00-9471777096be'],['809e3a03-91cb-4d44-a91d-360e71c9cc12']
Lona Sal 2,2024-07-02,140.0,Diversos,Motorista,,,,['a6ba89fe-03d3-4667-ad00-9471777096be'],['809e3a03-91cb-4d44-a91d-360e71c9cc12']
Carregamento Maratá ,2024-06-12,90.0,Carregamento,Motorista,,,,['a6ba89fe-03d3-4667-ad00-9471777096be'],['809e3a03-91cb-4d44-a91d-360e71c9cc12']
Comissão sal Minas 2,2024-07-02,400.0,Comissão,Motorista,,,,['a6ba89fe-03d3-4667-ad00-9471777096be'],['809e3a03-91cb-4d44-a91d-360e71c9cc12']
Reaperto de molas,2024-07-04,50.0,Manutenção,Motorista,,,,['a6ba89fe-03d3-4667-ad00-9471777096be'],['809e3a03-91cb-4d44-a91d-360e71c9cc12']
Lavagem de rodas C.Sales,2024-07-04,80.0,Lavagem,Motorista,,,,['a6ba89fe-03d3-4667-ad00-9471777096be'],['809e3a03-91cb-4d44-a91d-360e71c9cc12']
Fortaleza estacionamento ,2024-06-30,42.0,Estacionamento,Motorista,,,,['a6ba89fe-03d3-4667-ad00-9471777096be'],['809e3a03-91cb-4d44-a91d-360e71c9cc12']
Posto Formigao ,2024-07-04,115.51,Arla,Motorista,,,,['a6ba89fe-03d3-4667-ad00-9471777096be'],['809e3a03-91cb-4d44-a91d-360e71c9cc12']
Posto Formigao ,2024-07-04,2306.76,Combustível,Motorista,,,,['a6ba89fe-03d3-4667-ad00-9471777096be'],['809e3a03-91cb-4d44-a91d-360e71c9cc12']
Posto Andorinha ,2024-07-03,91.92,Arla,Motorista,,,,['a6ba89fe-03d3-4667-ad00-9471777096be'],['809e3a03-91cb-4d44-a91d-360e71c9cc12']
Posto Andorinha ,2024-07-03,1603.05,Combustível,Motorista,,,,['a6ba89fe-03d3-4667-ad00-9471777096be'],['809e3a03-91cb-4d44-a91d-360e71c9cc12']
Posto Rede Mais ,2024-07-03,155.82,Arla,Motorista,,,,['a6ba89fe-03d3-4667-ad00-9471777096be'],['809e3a03-91cb-4d44-a91d-360e71c9cc12']
Posto Rede Mais ,2024-07-03,3360.02,Combustível,Motorista,,,,['a6ba89fe-03d3-4667-ad00-9471777096be'],['809e3a03-91cb-4d44-a91d-360e71c9cc12']
Vulcanização Ce,2024-06-30,180.0,Borracharia,Motorista,,,,['a6ba89fe-03d3-4667-ad00-9471777096be'],['809e3a03-91cb-4d44-a91d-360e71c9cc12']
Posto Rede Mais ,2024-06-26,145.97,Arla,Motorista,,,,['a6ba89fe-03d3-4667-ad00-9471777096be'],['809e3a03-91cb-4d44-a91d-360e71c9cc12']
Posto Rede Mais ,2024-06-26,1970.76,Combustível,Motorista,,,,['a6ba89fe-03d3-4667-ad00-9471777096be'],['809e3a03-91cb-4d44-a91d-360e71c9cc12']
Posto Reforço Ba,2024-06-24,1399.38,Combustível,Motorista,,,,['a6ba89fe-03d3-4667-ad00-9471777096be'],['809e3a03-91cb-4d44-a91d-360e71c9cc12']
Posto Formigao ,2024-06-24,110.08,Arla,Motorista,,,,['a6ba89fe-03d3-4667-ad00-9471777096be'],['809e3a03-91cb-4d44-a91d-360e71c9cc12']
Posto Formigao ,2024-06-24,1931.94,Combustível,Motorista,,,,['a6ba89fe-03d3-4667-ad00-9471777096be'],['809e3a03-91cb-4d44-a91d-360e71c9cc12']
Posto Grall ,2024-06-23,150.53,Arla,Motorista,,,,['a6ba89fe-03d3-4667-ad00-9471777096be'],['809e3a03-91cb-4d44-a91d-360e71c9cc12']
Posto Grall,2024-06-23,3309.28,Combustível,Motorista,,,,['a6ba89fe-03d3-4667-ad00-9471777096be'],['809e3a03-91cb-4d44-a91d-360e71c9cc12']
Pedágio manual ,2024-06-17,146.4,Pedágio,Motorista,,,,['a6ba89fe-03d3-4667-ad00-9471777096be'],['809e3a03-91cb-4d44-a91d-360e71c9cc12']
Posto Formigao ,2024-06-18,135.08,Arla,Motorista,,,,['a6ba89fe-03d3-4667-ad00-9471777096be'],['809e3a03-91cb-4d44-a91d-360e71c9cc12']
Posto Formigao,2024-06-18,3351.41,Combustível,Motorista,,,,['a6ba89fe-03d3-4667-ad00-9471777096be'],['809e3a03-91cb-4d44-a91d-360e71c9cc12']
Posto Faisão ,2024-06-17,59.8,Arla,Motorista,,,,['a6ba89fe-03d3-4667-ad00-9471777096be'],['809e3a03-91cb-4d44-a91d-360e71c9cc12']
Posto Faisão ,2024-06-17,500.0,Combustível,Motorista,,,,['a6ba89fe-03d3-4667-ad00-9471777096be'],['809e3a03-91cb-4d44-a91d-360e71c9cc12']
Posto Rede Mais ,2024-06-16,125.8,Arla,Motorista,,,,['a6ba89fe-03d3-4667-ad00-9471777096be'],['809e3a03-91cb-4d44-a91d-360e71c9cc12']
Posto Rede Mais,2024-06-16,1285.53,Combustível,Motorista,,,,['a6ba89fe-03d3-4667-ad00-9471777096be'],['809e3a03-91cb-4d44-a91d-360e71c9cc12']
Posto Florestal ,2024-06-15,3174.76,Combustível,Motorista,,,,['a6ba89fe-03d3-4667-ad00-9471777096be'],['809e3a03-91cb-4d44-a91d-360e71c9cc12']
Gorgeta / Codô/ Madeira,2024-06-12,130.0,Gorjeta,Motorista,,,,['06eeb38e-584a-42ab-8bec-058a4aaade4d'],['809e3a03-91cb-4d44-a91d-360e71c9cc12']
Comissão Mot/ Castanha,2024-06-12,780.0,Comissão,Motorista,,,,['06eeb38e-584a-42ab-8bec-058a4aaade4d'],['809e3a03-91cb-4d44-a91d-360e71c9cc12']
Viagem 15 dias,2024-06-10,1050.0,Diária,Motorista,,,,['06eeb38e-584a-42ab-8bec-058a4aaade4d'],['809e3a03-91cb-4d44-a91d-360e71c9cc12']
Posto Sagrado coração de Jesus ,2024-06-11,160.0,Arla,Motorista,,,,['06eeb38e-584a-42ab-8bec-058a4aaade4d'],['809e3a03-91cb-4d44-a91d-360e71c9cc12']
Posto São João ,2024-06-11,3530.02,Combustível,Empresa,,,,['06eeb38e-584a-42ab-8bec-058a4aaade4d'],['809e3a03-91cb-4d44-a91d-360e71c9cc12']
Imposto passe,2024-06-07,22.6,Diversos,Motorista,,,,['06eeb38e-584a-42ab-8bec-058a4aaade4d'],['809e3a03-91cb-4d44-a91d-360e71c9cc12']
Posto Arizona ,2024-06-08,210.0,Arla,Motorista,,,,['06eeb38e-584a-42ab-8bec-058a4aaade4d'],['809e3a03-91cb-4d44-a91d-360e71c9cc12']
Posto Belém ,2024-06-07,90.0,Arla,Empresa,,,,['06eeb38e-584a-42ab-8bec-058a4aaade4d'],['809e3a03-91cb-4d44-a91d-360e71c9cc12']
Posto Belém ,2024-06-07,2498.36,Combustível,Empresa,,,,['06eeb38e-584a-42ab-8bec-058a4aaade4d'],['809e3a03-91cb-4d44-a91d-360e71c9cc12']
Posto Car truck ,2024-06-01,1940.0,Combustível,Motorista,,,,['06eeb38e-584a-42ab-8bec-058a4aaade4d'],['809e3a03-91cb-4d44-a91d-360e71c9cc12']
Comissão Codó ,2024-05-29,250.0,Comissão,Motorista,,,,['06eeb38e-584a-42ab-8bec-058a4aaade4d'],['809e3a03-91cb-4d44-a91d-360e71c9cc12']
Polimento Pst. Belem/Pst. Paloma,2024-06-01,600.0,Lavagem,Motorista,,,,['06eeb38e-584a-42ab-8bec-058a4aaade4d'],['809e3a03-91cb-4d44-a91d-360e71c9cc12']
Calibragem Pará ,2024-06-01,30.0,Borracharia,Motorista,,,,['06eeb38e-584a-42ab-8bec-058a4aaade4d'],['809e3a03-91cb-4d44-a91d-360e71c9cc12']
Lubrificação Pst. Mag7,2024-05-30,50.0,Diversos,Motorista,,,,['06eeb38e-584a-42ab-8bec-058a4aaade4d'],['809e3a03-91cb-4d44-a91d-360e71c9cc12']
Codó park,2024-05-29,25.0,Estacionamento,Motorista,,,,['06eeb38e-584a-42ab-8bec-058a4aaade4d'],['809e3a03-91cb-4d44-a91d-360e71c9cc12']
Posto Magnólia 7,2024-05-30,140.0,Arla,Motorista,,,,['06eeb38e-584a-42ab-8bec-058a4aaade4d'],['809e3a03-91cb-4d44-a91d-360e71c9cc12']
Posto Recreio ,2024-05-30,2680.0,Combustível,Motorista,,,,['06eeb38e-584a-42ab-8bec-058a4aaade4d'],['809e3a03-91cb-4d44-a91d-360e71c9cc12']
Comissão Mot,2024-05-22,300.0,Comissão,Motorista,,,,['987a4de3-aad1-49f8-8c9d-5097114602b2'],['809e3a03-91cb-4d44-a91d-360e71c9cc12']
Diaria 13 Dias,2024-05-22,910.0,Diária,Motorista,,,,['987a4de3-aad1-49f8-8c9d-5097114602b2'],['809e3a03-91cb-4d44-a91d-360e71c9cc12']
Lavagem Bau,2024-05-22,50.0,Lavagem,Motorista,,,,['987a4de3-aad1-49f8-8c9d-5097114602b2'],['809e3a03-91cb-4d44-a91d-360e71c9cc12']
Compra Talba p Carreta,2024-05-22,20.0,Diversos,Motorista,,,,['987a4de3-aad1-49f8-8c9d-5097114602b2'],['809e3a03-91cb-4d44-a91d-360e71c9cc12']
Gorgeta/ STa Ines/ Madeira/ Madeira,2024-05-22,70.0,Gorjeta,Motorista,,,,['987a4de3-aad1-49f8-8c9d-5097114602b2'],['809e3a03-91cb-4d44-a91d-360e71c9cc12']
Arla,2024-05-22,150.0,Arla,Empresa,,,,['987a4de3-aad1-49f8-8c9d-5097114602b2'],['809e3a03-91cb-4d44-a91d-360e71c9cc12']
Posto São João,2024-05-22,3800.04,Combustível,Empresa,,,,['987a4de3-aad1-49f8-8c9d-5097114602b2'],['809e3a03-91cb-4d44-a91d-360e71c9cc12']
Arla,2024-05-20,179.55,Arla,Empresa,,,,['987a4de3-aad1-49f8-8c9d-5097114602b2'],['809e3a03-91cb-4d44-a91d-360e71c9cc12']
Posto Belem 04,2024-05-20,3731.99,Combustível,Empresa,,,,['987a4de3-aad1-49f8-8c9d-5097114602b2'],['809e3a03-91cb-4d44-a91d-360e71c9cc12']
Arla,2024-05-18,90.0,Arla,Empresa,,,,['987a4de3-aad1-49f8-8c9d-5097114602b2'],['809e3a03-91cb-4d44-a91d-360e71c9cc12']
Posto Pombol,2024-05-18,1500.0,Combustível,Empresa,,,,['987a4de3-aad1-49f8-8c9d-5097114602b2'],['809e3a03-91cb-4d44-a91d-360e71c9cc12']
Arla,2024-05-15,80.0,Arla,Empresa,,,,['987a4de3-aad1-49f8-8c9d-5097114602b2'],['809e3a03-91cb-4d44-a91d-360e71c9cc12']
Posto Magnolia,2024-05-15,2000.0,Combustível,Empresa,,,,['987a4de3-aad1-49f8-8c9d-5097114602b2'],['809e3a03-91cb-4d44-a91d-360e71c9cc12']
Posto São João ,2024-05-09,48.0,Arla,Empresa,,,,['2b3f1432-777e-4263-a9b2-0f2415fc917d'],['809e3a03-91cb-4d44-a91d-360e71c9cc12']
Posto São João ,2024-05-09,1294.02,Combustível,Empresa,,,,['2b3f1432-777e-4263-a9b2-0f2415fc917d'],['809e3a03-91cb-4d44-a91d-360e71c9cc12']
Comissão Mot,2024-05-04,900.0,Comissão,Motorista,,,,['2b3f1432-777e-4263-a9b2-0f2415fc917d'],['809e3a03-91cb-4d44-a91d-360e71c9cc12']
uber,2024-05-04,30.0,Diversos,Motorista,,,,['2b3f1432-777e-4263-a9b2-0f2415fc917d'],['809e3a03-91cb-4d44-a91d-360e71c9cc12']
Gorgeta Geral,2024-05-04,65.0,Gorjeta,Motorista,,,,['2b3f1432-777e-4263-a9b2-0f2415fc917d'],['809e3a03-91cb-4d44-a91d-360e71c9cc12']
Reaperto feicho,2024-05-04,20.0,Manutenção,Motorista,,,,['2b3f1432-777e-4263-a9b2-0f2415fc917d'],['809e3a03-91cb-4d44-a91d-360e71c9cc12']
Caregamento,2024-05-04,65.0,Diária,Motorista,,,,['2b3f1432-777e-4263-a9b2-0f2415fc917d'],['809e3a03-91cb-4d44-a91d-360e71c9cc12']
Manrinke/ Mecanico,2024-05-04,50.0,Manutenção,Motorista,,,,['2b3f1432-777e-4263-a9b2-0f2415fc917d'],['809e3a03-91cb-4d44-a91d-360e71c9cc12']
Comissão Sal,2024-05-04,200.0,Comissão,Motorista,,,,['2b3f1432-777e-4263-a9b2-0f2415fc917d'],['809e3a03-91cb-4d44-a91d-360e71c9cc12']
Lavagem / Treze,2024-05-04,300.0,Lavagem,Motorista,,,,['2b3f1432-777e-4263-a9b2-0f2415fc917d'],['809e3a03-91cb-4d44-a91d-360e71c9cc12']
Diaria 16 Dias,2024-05-04,1280.0,Diária,Motorista,,,,['2b3f1432-777e-4263-a9b2-0f2415fc917d'],['809e3a03-91cb-4d44-a91d-360e71c9cc12']
Troca Junta Cubo,2024-05-04,112.0,Manutenção,Motorista,,,,['2b3f1432-777e-4263-a9b2-0f2415fc917d'],['809e3a03-91cb-4d44-a91d-360e71c9cc12']
Parafuso,2024-05-04,31.0,Manutenção,Motorista,,,,['2b3f1432-777e-4263-a9b2-0f2415fc917d'],['809e3a03-91cb-4d44-a91d-360e71c9cc12']
Alinhamento,2024-05-04,190.0,Manutenção,Motorista,,,,['2b3f1432-777e-4263-a9b2-0f2415fc917d'],['809e3a03-91cb-4d44-a91d-360e71c9cc12']
Troca Pino Centro,2024-05-04,260.0,Manutenção,Motorista,,,,['2b3f1432-777e-4263-a9b2-0f2415fc917d'],['809e3a03-91cb-4d44-a91d-360e71c9cc12']
Estacinamento/ Fortaleza/Tabuleiro,2024-05-04,60.0,Estacionamento,Motorista,,,,['2b3f1432-777e-4263-a9b2-0f2415fc917d'],['809e3a03-91cb-4d44-a91d-360e71c9cc12']
Posto Andorinhas,2024-05-03,194.32,Arla,Motorista,,,,['2b3f1432-777e-4263-a9b2-0f2415fc917d'],['809e3a03-91cb-4d44-a91d-360e71c9cc12']
Posto Andorinhas,2024-05-03,3562.38,Combustível,Motorista,,,,['2b3f1432-777e-4263-a9b2-0f2415fc917d'],['809e3a03-91cb-4d44-a91d-360e71c9cc12']
Posto Grall,2024-05-01,153.23,Arla,Motorista,,,,['2b3f1432-777e-4263-a9b2-0f2415fc917d'],['809e3a03-91cb-4d44-a91d-360e71c9cc12']
Posto Grall,2024-05-01,3243.72,Combustível,Motorista,,,,['2b3f1432-777e-4263-a9b2-0f2415fc917d'],['809e3a03-91cb-4d44-a91d-360e71c9cc12']
Posto DÁngelis,2024-04-27,125.74,Arla,Empresa,,,,['2b3f1432-777e-4263-a9b2-0f2415fc917d'],['809e3a03-91cb-4d44-a91d-360e71c9cc12']
Posto D`´Angelis,2024-04-27,2394.05,Combustível,Empresa,,,,['2b3f1432-777e-4263-a9b2-0f2415fc917d'],['809e3a03-91cb-4d44-a91d-360e71c9cc12']
Posto Andorinha,2024-04-26,159.39,Arla,Motorista,,,,['2b3f1432-777e-4263-a9b2-0f2415fc917d'],['809e3a03-91cb-4d44-a91d-360e71c9cc12']
Posto Andorinha,2024-04-26,3253.33,Combustível,Motorista,,,,['2b3f1432-777e-4263-a9b2-0f2415fc917d'],['809e3a03-91cb-4d44-a91d-360e71c9cc12']
Posto Olinda,2024-04-24,3111.39,Combustível,Motorista,,,,['2b3f1432-777e-4263-a9b2-0f2415fc917d'],['809e3a03-91cb-4d44-a91d-360e71c9cc12']
Posto Olinda,2024-04-24,158.67,Arla,Motorista,,,,['2b3f1432-777e-4263-a9b2-0f2415fc917d'],['809e3a03-91cb-4d44-a91d-360e71c9cc12']
Auto posto São João ,2024-04-17,117.0,Arla,Empresa,,,,['9dc4d805-02f7-4059-9dba-9f3f7d9ea722'],['809e3a03-91cb-4d44-a91d-360e71c9cc12']
Auto posto São João ,2024-04-17,2655.25,Combustível,Empresa,,,,['9dc4d805-02f7-4059-9dba-9f3f7d9ea722'],['809e3a03-91cb-4d44-a91d-360e71c9cc12']
Lubrificação ,2024-04-11,70.0,Diversos,Motorista,,,,['9dc4d805-02f7-4059-9dba-9f3f7d9ea722'],['809e3a03-91cb-4d44-a91d-360e71c9cc12']
Borracharia ,2024-04-11,40.0,Borracharia,Motorista,,,,['9dc4d805-02f7-4059-9dba-9f3f7d9ea722'],['809e3a03-91cb-4d44-a91d-360e71c9cc12']
Posto cachoeira 3 Ce,2024-04-11,3263.55,Combustível,Empresa,,,,['9dc4d805-02f7-4059-9dba-9f3f7d9ea722'],['809e3a03-91cb-4d44-a91d-360e71c9cc12']
Posto cachoeira 3 Ce,2024-04-11,144.06,Arla,Empresa,,,,['9dc4d805-02f7-4059-9dba-9f3f7d9ea722'],['809e3a03-91cb-4d44-a91d-360e71c9cc12']
Gorjeta Maratá e farinha,2024-04-13,80.0,Gorjeta,Motorista,,,,['9dc4d805-02f7-4059-9dba-9f3f7d9ea722'],['809e3a03-91cb-4d44-a91d-360e71c9cc12']
Diária 7,2024-04-13,560.0,Diária,Motorista,,,,['9dc4d805-02f7-4059-9dba-9f3f7d9ea722'],['809e3a03-91cb-4d44-a91d-360e71c9cc12']
Descarga batalha Al/,2024-04-13,420.0,Descarregamento,Motorista,,,,['9dc4d805-02f7-4059-9dba-9f3f7d9ea722'],['809e3a03-91cb-4d44-a91d-360e71c9cc12']
Descarga /farinha /major Isidorio,2024-04-12,540.0,Descarregamento,Motorista,,,,['9dc4d805-02f7-4059-9dba-9f3f7d9ea722'],['809e3a03-91cb-4d44-a91d-360e71c9cc12']
Brilho Fc. e pretinho ,2024-04-06,25.0,Diversos,Motorista,,,,['9dc4d805-02f7-4059-9dba-9f3f7d9ea722'],['809e3a03-91cb-4d44-a91d-360e71c9cc12']
Café e almoço Maratá ,2024-04-05,40.0,Carregamento,Motorista,,,,['9dc4d805-02f7-4059-9dba-9f3f7d9ea722'],['809e3a03-91cb-4d44-a91d-360e71c9cc12']
Vassoura P/baú ,2024-04-09,8.0,Diversos,Motorista,,,,['9dc4d805-02f7-4059-9dba-9f3f7d9ea722'],['809e3a03-91cb-4d44-a91d-360e71c9cc12']
Corrente P/ estepe,2024-04-06,190.0,Diversos,Motorista,,,,['9dc4d805-02f7-4059-9dba-9f3f7d9ea722'],['809e3a03-91cb-4d44-a91d-360e71c9cc12']
Aferição de tacógrafo ,2024-04-02,350.0,Diversos,Empresa,,,,['9dc4d805-02f7-4059-9dba-9f3f7d9ea722'],['809e3a03-91cb-4d44-a91d-360e71c9cc12']
comissão Mot,2024-03-31,1000.0,Comissão,Motorista,,,,['05af2257-ba24-42c4-abdb-a88ed5bd6111'],['809e3a03-91cb-4d44-a91d-360e71c9cc12']
Almoço / tacografo,2024-04-03,40.0,Manutenção,Motorista,,,,['05af2257-ba24-42c4-abdb-a88ed5bd6111'],['809e3a03-91cb-4d44-a91d-360e71c9cc12']
Auto posto São João ,2024-04-02,183.0,Arla,Empresa,,,,['05af2257-ba24-42c4-abdb-a88ed5bd6111'],['809e3a03-91cb-4d44-a91d-360e71c9cc12']
Auto posto São João ,2024-04-02,3751.0,Combustível,Empresa,,,,['05af2257-ba24-42c4-abdb-a88ed5bd6111'],['809e3a03-91cb-4d44-a91d-360e71c9cc12']
Lavagem Cavalo completo ,2024-04-01,200.0,Lavagem,Motorista,,,,['05af2257-ba24-42c4-abdb-a88ed5bd6111'],['809e3a03-91cb-4d44-a91d-360e71c9cc12']
Viagem 31.03.24 29  Dias,2024-03-31,2320.0,Diária,Motorista,,,,['05af2257-ba24-42c4-abdb-a88ed5bd6111'],['809e3a03-91cb-4d44-a91d-360e71c9cc12']
Instalação e freio,2024-03-08,70.0,Diversos,Motorista,,,,['05af2257-ba24-42c4-abdb-a88ed5bd6111'],['809e3a03-91cb-4d44-a91d-360e71c9cc12']
Envio de canhotos ,2024-04-01,16.2,Diversos,Motorista,,,,['05af2257-ba24-42c4-abdb-a88ed5bd6111'],['809e3a03-91cb-4d44-a91d-360e71c9cc12']
Capa controle ,2024-04-01,45.0,Diversos,Motorista,,,,['05af2257-ba24-42c4-abdb-a88ed5bd6111'],['809e3a03-91cb-4d44-a91d-360e71c9cc12']
Posto D’Angelis,2024-03-27,182.89,Arla,Motorista,,,,['05af2257-ba24-42c4-abdb-a88ed5bd6111'],['809e3a03-91cb-4d44-a91d-360e71c9cc12']
Posto D’Angelis,2024-03-27,3998.4,Combustível,Motorista,,,,['05af2257-ba24-42c4-abdb-a88ed5bd6111'],['809e3a03-91cb-4d44-a91d-360e71c9cc12']
Moto táxi lona,2024-03-26,20.0,Diversos,Motorista,,,,['05af2257-ba24-42c4-abdb-a88ed5bd6111'],['809e3a03-91cb-4d44-a91d-360e71c9cc12']
Meia lavagem Cavalo ,2024-03-20,70.0,Lavagem,Motorista,,,,['05af2257-ba24-42c4-abdb-a88ed5bd6111'],['809e3a03-91cb-4d44-a91d-360e71c9cc12']
Comissão Café volta,2024-03-26,200.0,Comissão,Motorista,,,,['05af2257-ba24-42c4-abdb-a88ed5bd6111'],['809e3a03-91cb-4d44-a91d-360e71c9cc12']
Comissão Sal ida,2024-03-19,200.0,Comissão,Motorista,,,,['05af2257-ba24-42c4-abdb-a88ed5bd6111'],['809e3a03-91cb-4d44-a91d-360e71c9cc12']
Gorjeta sal,2024-03-19,40.0,Gorjeta,Motorista,,,,['05af2257-ba24-42c4-abdb-a88ed5bd6111'],['809e3a03-91cb-4d44-a91d-360e71c9cc12']
Lona carga café ,2024-03-26,222.36,Diversos,Motorista,,,,['05af2257-ba24-42c4-abdb-a88ed5bd6111'],['809e3a03-91cb-4d44-a91d-360e71c9cc12']
Lona carga sal 2 ,2024-03-19,70.0,Diversos,Motorista,,,,['05af2257-ba24-42c4-abdb-a88ed5bd6111'],['809e3a03-91cb-4d44-a91d-360e71c9cc12']
Posto D’Angelis,2024-03-22,117.63,Arla,Motorista,,,,['05af2257-ba24-42c4-abdb-a88ed5bd6111'],['809e3a03-91cb-4d44-a91d-360e71c9cc12']
Posto D’Angelis,2024-03-22,2322.84,Combustível,Motorista,,,,['05af2257-ba24-42c4-abdb-a88ed5bd6111'],['809e3a03-91cb-4d44-a91d-360e71c9cc12']
Posto Andorinha ,2024-03-21,178.51,Arla,Motorista,,,,['05af2257-ba24-42c4-abdb-a88ed5bd6111'],['809e3a03-91cb-4d44-a91d-360e71c9cc12']
Posto Andorinha ,2024-03-21,3411.17,Combustível,Motorista,,,,['05af2257-ba24-42c4-abdb-a88ed5bd6111'],['809e3a03-91cb-4d44-a91d-360e71c9cc12']
Ajudantes ,2024-03-01,35.0,Diversos,Motorista,,,,['05af2257-ba24-42c4-abdb-a88ed5bd6111'],['809e3a03-91cb-4d44-a91d-360e71c9cc12']
Avaria Natal 1 café ,2024-03-18,11.0,Diversos,Motorista,,,,['05af2257-ba24-42c4-abdb-a88ed5bd6111'],['809e3a03-91cb-4d44-a91d-360e71c9cc12']
Posto Laís XI ,2024-03-18,221.88,Arla,Motorista,,,,['05af2257-ba24-42c4-abdb-a88ed5bd6111'],['809e3a03-91cb-4d44-a91d-360e71c9cc12']
Posto Laís XI,2024-03-18,3481.74,Combustível,Empresa,,,,['05af2257-ba24-42c4-abdb-a88ed5bd6111'],['809e3a03-91cb-4d44-a91d-360e71c9cc12']
Calibragem completa D’Angelis,2024-03-13,40.0,Borracharia,Motorista,,,,['05af2257-ba24-42c4-abdb-a88ed5bd6111'],['809e3a03-91cb-4d44-a91d-360e71c9cc12']
Chapa /Natal/Cafe união,2024-03-18,100.0,Diversos,Motorista,,,,['05af2257-ba24-42c4-abdb-a88ed5bd6111'],['809e3a03-91cb-4d44-a91d-360e71c9cc12']
Posto D’Angelis,2024-03-13,200.21,Arla,Empresa,,,,['05af2257-ba24-42c4-abdb-a88ed5bd6111'],['809e3a03-91cb-4d44-a91d-360e71c9cc12']
Posto D’angelis ,2024-03-13,3852.13,Combustível,Empresa,,,,['05af2257-ba24-42c4-abdb-a88ed5bd6111'],['809e3a03-91cb-4d44-a91d-360e71c9cc12']
Posto D’Angelis,2024-03-09,119.43,Arla,Empresa,,,,['05af2257-ba24-42c4-abdb-a88ed5bd6111'],['809e3a03-91cb-4d44-a91d-360e71c9cc12']
Posto D’Angelis,2024-03-09,2179.27,Combustível,Empresa,,,,['05af2257-ba24-42c4-abdb-a88ed5bd6111'],['809e3a03-91cb-4d44-a91d-360e71c9cc12']
Posto Andorinha ,2024-03-07,143.09,Arla,Empresa,,,,['05af2257-ba24-42c4-abdb-a88ed5bd6111'],['809e3a03-91cb-4d44-a91d-360e71c9cc12']
Posto Andorinha ,2024-03-07,2725.05,Combustível,Empresa,,,,['05af2257-ba24-42c4-abdb-a88ed5bd6111'],['809e3a03-91cb-4d44-a91d-360e71c9cc12']
Posto Florestal ,2024-03-06,209.47,Arla,Motorista,,,,['05af2257-ba24-42c4-abdb-a88ed5bd6111'],['809e3a03-91cb-4d44-a91d-360e71c9cc12']
Posto Florestal ,2024-03-06,3823.74,Combustível,Motorista,,,,['05af2257-ba24-42c4-abdb-a88ed5bd6111'],['809e3a03-91cb-4d44-a91d-360e71c9cc12']
Pedágio pago manual ,2024-03-09,238.2,Pedágio,Motorista,,,,['05af2257-ba24-42c4-abdb-a88ed5bd6111'],['809e3a03-91cb-4d44-a91d-360e71c9cc12']
Gorjeta Ibiapaba/Sal,2024-03-02,60.0,Gorjeta,Motorista,,,,['05af2257-ba24-42c4-abdb-a88ed5bd6111'],['809e3a03-91cb-4d44-a91d-360e71c9cc12']
Comissão sal,2024-03-04,200.0,Comissão,Motorista,,,,['05af2257-ba24-42c4-abdb-a88ed5bd6111'],['809e3a03-91cb-4d44-a91d-360e71c9cc12']
Cadeado 2,2024-02-24,38.5,Diversos,Motorista,,,,['05af2257-ba24-42c4-abdb-a88ed5bd6111'],['809e3a03-91cb-4d44-a91d-360e71c9cc12']
Lona forração baú ,2024-03-05,70.0,Diversos,Motorista,,,,['05af2257-ba24-42c4-abdb-a88ed5bd6111'],['809e3a03-91cb-4d44-a91d-360e71c9cc12']
Estacionamento ,2024-03-02,45.0,Estacionamento,Motorista,,,,['05af2257-ba24-42c4-abdb-a88ed5bd6111'],['809e3a03-91cb-4d44-a91d-360e71c9cc12']
Avarias Ibiapaba ,2024-03-02,316.0,Diversos,Motorista,,,,['05af2257-ba24-42c4-abdb-a88ed5bd6111'],['809e3a03-91cb-4d44-a91d-360e71c9cc12']
Arla,2024-02-24,143.55,Arla,Empresa,,,,['563f2c27-8e82-4daf-83f5-b7d7fbf61a25'],['809e3a03-91cb-4d44-a91d-360e71c9cc12']
Posto São João,2024-02-24,2882.07,Combustível,Empresa,,,,['563f2c27-8e82-4daf-83f5-b7d7fbf61a25'],['809e3a03-91cb-4d44-a91d-360e71c9cc12']
Comissão motorista ,2024-02-20,424.0,Diversos,Motorista,,,,['563f2c27-8e82-4daf-83f5-b7d7fbf61a25'],['809e3a03-91cb-4d44-a91d-360e71c9cc12']
Uber São Paulo ,2024-02-05,117.0,Diversos,Motorista,,,,['563f2c27-8e82-4daf-83f5-b7d7fbf61a25'],['809e3a03-91cb-4d44-a91d-360e71c9cc12']
Posto Dinossauro ,2024-02-10,545.71,Combustível,Motorista,,,,['563f2c27-8e82-4daf-83f5-b7d7fbf61a25'],['809e3a03-91cb-4d44-a91d-360e71c9cc12']
Complemento Diaria,2024-02-20,124.0,Diária,Motorista,,,,['563f2c27-8e82-4daf-83f5-b7d7fbf61a25'],['809e3a03-91cb-4d44-a91d-360e71c9cc12']
Uber,2024-02-20,450.0,Diversos,Motorista,,,,['563f2c27-8e82-4daf-83f5-b7d7fbf61a25'],['809e3a03-91cb-4d44-a91d-360e71c9cc12']
Sem Parar,2024-02-20,61.0,Pedágio,Motorista,,,,['563f2c27-8e82-4daf-83f5-b7d7fbf61a25'],['809e3a03-91cb-4d44-a91d-360e71c9cc12']
Engate,2024-02-20,140.0,Manutenção,Motorista,,,,['563f2c27-8e82-4daf-83f5-b7d7fbf61a25'],['809e3a03-91cb-4d44-a91d-360e71c9cc12']
Posto Dinossauro Sul,2024-02-20,4189.05,Combustível,Empresa,,,,['563f2c27-8e82-4daf-83f5-b7d7fbf61a25'],['809e3a03-91cb-4d44-a91d-360e71c9cc12']
Diárias 20 dias,2024-02-20,1600.0,Diária,Motorista,,,,['563f2c27-8e82-4daf-83f5-b7d7fbf61a25'],['809e3a03-91cb-4d44-a91d-360e71c9cc12']
Concerto fio energia ,2024-02-20,100.0,Diversos,Motorista,,,,['563f2c27-8e82-4daf-83f5-b7d7fbf61a25'],['809e3a03-91cb-4d44-a91d-360e71c9cc12']
Posto Assunção,2024-02-20,584.0,Combustível,Motorista,,,,['563f2c27-8e82-4daf-83f5-b7d7fbf61a25'],['809e3a03-91cb-4d44-a91d-360e71c9cc12']
Detetizacao Moinho ,2024-02-15,40.0,Diversos,Motorista,,,,['563f2c27-8e82-4daf-83f5-b7d7fbf61a25'],['809e3a03-91cb-4d44-a91d-360e71c9cc12']
Diaria Wasgniton,2024-02-20,640.0,Diária,Motorista,,,,['563f2c27-8e82-4daf-83f5-b7d7fbf61a25'],['809e3a03-91cb-4d44-a91d-360e71c9cc12']
Descarga Fortaleza ,2024-02-14,1050.0,Descarregamento,Motorista,,,,['563f2c27-8e82-4daf-83f5-b7d7fbf61a25'],['809e3a03-91cb-4d44-a91d-360e71c9cc12']
Gorjeta,2024-02-20,50.0,Gorjeta,Motorista,,,,['563f2c27-8e82-4daf-83f5-b7d7fbf61a25'],['809e3a03-91cb-4d44-a91d-360e71c9cc12']
Pedágios ,2024-02-12,913.0,Pedágio,Motorista,,,,['563f2c27-8e82-4daf-83f5-b7d7fbf61a25'],['809e3a03-91cb-4d44-a91d-360e71c9cc12']
Borracharia Nove Eixo ,2024-02-18,30.0,Borracharia,Motorista,,,,['563f2c27-8e82-4daf-83f5-b7d7fbf61a25'],['809e3a03-91cb-4d44-a91d-360e71c9cc12']
Estacionamento ,2024-02-19,15.0,Estacionamento,Motorista,,,,['563f2c27-8e82-4daf-83f5-b7d7fbf61a25'],['809e3a03-91cb-4d44-a91d-360e71c9cc12']
Envio de canhotos correios ,2024-02-21,17.25,Diversos,Motorista,,,,['563f2c27-8e82-4daf-83f5-b7d7fbf61a25'],['809e3a03-91cb-4d44-a91d-360e71c9cc12']
Cadeado ,2024-02-19,37.0,Diversos,Motorista,,,,['563f2c27-8e82-4daf-83f5-b7d7fbf61a25'],['809e3a03-91cb-4d44-a91d-360e71c9cc12']
Estacionamento ,2024-02-08,120.0,Estacionamento,Motorista,,,,['563f2c27-8e82-4daf-83f5-b7d7fbf61a25'],['809e3a03-91cb-4d44-a91d-360e71c9cc12']
Posto Olinda,2024-02-16,3266.06,Combustível,Motorista,,,,['563f2c27-8e82-4daf-83f5-b7d7fbf61a25'],['809e3a03-91cb-4d44-a91d-360e71c9cc12']
Posto Andorinha ,2024-02-12,1910.1,Combustível,Motorista,,,,['563f2c27-8e82-4daf-83f5-b7d7fbf61a25'],['809e3a03-91cb-4d44-a91d-360e71c9cc12']
Posto D’Angelis,2024-02-11,3482.28,Combustível,Motorista,,,,['563f2c27-8e82-4daf-83f5-b7d7fbf61a25'],['809e3a03-91cb-4d44-a91d-360e71c9cc12']
